院校名称,代码,状态,错误信息,日期
,1,无效,ID不存在,2026-06-08
,2,无效,ID不存在,2026-06-08
,3,无效,ID不存在,2026-06-08
,4,无效,ID不存在,2026-06-08
,5,无效,ID不存在,2026-06-08
,6,无效,ID不存在,2026-06-08
,7,无效,ID不存在,2026-06-08
,8,无效,ID不存在,2026-06-08
,9,无效,ID不存在,2026-06-08
,10,无效,ID不存在,2026-06-08
,11,无效,ID不存在,2026-06-08
,12,无效,ID不存在,2026-06-08
,13,无效,ID不存在,2026-06-08
,14,无效,ID不存在,2026-06-08
,15,无效,ID不存在,2026-06-08
,16,无效,ID不存在,2026-06-08
,17,无效,ID不存在,2026-06-08
,18,无效,ID不存在,2026-06-08
,19,无效,ID不存在,2026-06-08
,20,无效,ID不存在,2026-06-08
,21,无效,ID不存在,2026-06-08
,22,无效,ID不存在,2026-06-08
,23,无效,ID不存在,2026-06-08
,24,无效,ID不存在,2026-06-08
,25,无效,ID不存在,2026-06-08
,26,无效,ID不存在,2026-06-08
,27,无效,ID不存在,2026-06-08
,28,无效,ID不存在,2026-06-08
,29,无效,ID不存在,2026-06-08
北京工业大学,30,成功,,2026-06-08
北京大学,31,成功,,2026-06-08
内蒙古大学,32,成功,,2026-06-08
大连海事大学,33,成功,,2026-06-08
哈尔滨工业大学,34,成功,,2026-06-08
云南大学,35,成功,,2026-06-08
长安大学,36,成功,,2026-06-08
西北大学,37,成功,,2026-06-08
北京交通大学,38,成功,,2026-06-08
北京外国语大学,39,成功,,2026-06-08
中央音乐学院,40,成功,,2026-06-08
河北工业大学,41,成功,,2026-06-08
武汉大学,42,成功,,2026-06-08
北京林业大学,43,成功,,2026-06-08
湖南大学,44,成功,,2026-06-08
中央民族大学,45,成功,,2026-06-08
中国人民大学,46,成功,,2026-06-08
北京航空航天大学,47,成功,,2026-06-08
北京邮电大学,48,成功,,2026-06-08
北京中医药大学,49,成功,,2026-06-08
辽宁大学,50,成功,,2026-06-08
西南交通大学,51,成功,,2026-06-08
北京师范大学,52,成功,,2026-06-08
对外经济贸易大学,53,成功,,2026-06-08
河北大学,54,成功,,2026-06-08
河北科技大学,55,成功,,2026-06-08
河北经贸大学,56,成功,,2026-06-08
西安电子科技大学,57,成功,,2026-06-08
湖南师范大学,58,成功,,2026-06-08
南开大学,59,成功,,2026-06-08
天津大学,60,成功,,2026-06-08
中国海洋大学,61,成功,,2026-06-08
郑州大学,62,成功,,2026-06-08
合肥工业大学,63,成功,,2026-06-08
山东医药大学,64,成功,,2026-06-08
德州学院,65,成功,,2026-06-08
中国科学技术大学,66,成功,,2026-06-08
安徽大学,67,成功,,2026-06-08
安徽理工大学,68,成功,,2026-06-08
安徽工业大学,69,成功,,2026-06-08
安徽农业大学,70,成功,,2026-06-08
济南大学,71,成功,,2026-06-08
安徽医科大学,72,成功,,2026-06-08
同济大学,73,成功,,2026-06-08
新疆大学,74,成功,,2026-06-08
上海交通大学医学院,75,成功,,2026-06-08
上海大学,76,成功,,2026-06-08
南京航空航天大学,77,成功,,2026-06-08
天津医科大学,78,成功,,2026-06-08
天津师范大学,79,成功,,2026-06-08
天津工业大学,80,成功,,2026-06-08
天津理工大学,81,成功,,2026-06-08
天津科技大学,82,成功,,2026-06-08
,83,无效,ID不存在,2026-06-08
天津财经大学,84,成功,,2026-06-08
天津商业大学,85,成功,,2026-06-08
江南大学,86,成功,,2026-06-08
天津外国语大学,87,成功,,2026-06-08
中国民航大学,88,成功,,2026-06-08
天津中医药大学,89,成功,,2026-06-08
天津职业技术师范大学,90,成功,,2026-06-08
天津城建大学,91,成功,,2026-06-08
天津体育学院,92,成功,,2026-06-08
天津农学院,93,成功,,2026-06-08
天津音乐学院,94,成功,,2026-06-08
天津美术学院,95,成功,,2026-06-08
广西大学,96,成功,,2026-06-08
兰州大学,97,成功,,2026-06-08
华南师范大学,98,成功,,2026-06-08
四川大学,99,成功,,2026-06-08
四川农业大学,100,成功,,2026-06-08
西南财经大学,101,成功,,2026-06-08
厦门大学,102,成功,,2026-06-08
福州大学,103,成功,,2026-06-08
中山大学,104,成功,,2026-06-08
华南理工大学,105,成功,,2026-06-08
暨南大学,106,成功,,2026-06-08
西北工业大学,107,成功,,2026-06-08
南昌大学,108,成功,,2026-06-08
东南大学,109,成功,,2026-06-08
中国矿业大学,110,成功,,2026-06-08
南京大学,111,成功,,2026-06-08
南京理工大学,112,成功,,2026-06-08
南京农业大学,113,成功,,2026-06-08
浙江大学,114,成功,,2026-06-08
南京师范大学,115,成功,,2026-06-08
河海大学,116,成功,,2026-06-08
中国药科大学,117,成功,,2026-06-08
苏州大学,118,成功,,2026-06-08
重庆大学,119,成功,,2026-06-08
中国石油大学（华东）,120,成功,,2026-06-08
中国地质大学（武汉）,121,成功,,2026-06-08
吉林大学,122,成功,,2026-06-08
中南大学,123,成功,,2026-06-08
哈尔滨工程大学,124,成功,,2026-06-08
上海交通大学,125,成功,,2026-06-08
山东大学,126,成功,,2026-06-08
华中科技大学,127,成功,,2026-06-08
武汉理工大学,128,成功,,2026-06-08
延边大学,129,成功,,2026-06-08
上海财经大学,130,成功,,2026-06-08
华东师范大学,131,成功,,2026-06-08
复旦大学,132,成功,,2026-06-08
华东理工大学,133,成功,,2026-06-08
东北大学,134,成功,,2026-06-08
东华大学,135,成功,,2026-06-08
上海外国语大学,136,成功,,2026-06-08
东北农业大学,137,成功,,2026-06-08
大连理工大学,138,成功,,2026-06-08
太原理工大学,139,成功,,2026-06-08
清华大学,140,成功,,2026-06-08
,141,无效,ID不存在,2026-06-08
东北师范大学,142,成功,,2026-06-08
北京理工大学,143,成功,,2026-06-08
北京科技大学,144,成功,,2026-06-08
,145,无效,ID不存在,2026-06-08
南京工程学院,146,成功,,2026-06-08
南京晓庄学院,147,成功,,2026-06-08
常州工学院,148,成功,,2026-06-08
南京艺术学院,149,成功,,2026-06-08
江苏理工学院,150,成功,,2026-06-08
南京审计大学,151,成功,,2026-06-08
淮安大学,152,成功,,2026-06-08
盐城师范学院,153,成功,,2026-06-08
盐城工学院,154,成功,,2026-06-08
,155,无效,ID不存在,2026-06-08
常州大学,156,成功,,2026-06-08
华东交通大学,157,成功,,2026-06-08
徐州医科大学,158,成功,,2026-06-08
杭州电子科技大学,159,成功,,2026-06-08
南京邮电大学,160,成功,,2026-06-08
江苏科技大学,161,成功,,2026-06-08
南京中医药大学,162,成功,,2026-06-08
苏州科技大学,163,成功,,2026-06-08
南京财经大学,164,成功,,2026-06-08
江西理工大学,165,成功,,2026-06-08
南京信息工程大学,166,成功,,2026-06-08
江苏师范大学,167,成功,,2026-06-08
南京医科大学,168,成功,,2026-06-08
南京林业大学,169,成功,,2026-06-08
江苏大学,170,成功,,2026-06-08
南京工业大学,171,成功,,2026-06-08
江西农业大学,172,成功,,2026-06-08
扬州大学,173,成功,,2026-06-08
江西师范大学,174,成功,,2026-06-08
江西财经大学,175,成功,,2026-06-08
东华理工大学,176,成功,,2026-06-08
南昌航空大学,177,成功,,2026-06-08
重庆医科大学,178,成功,,2026-06-08
重庆师范大学,179,成功,,2026-06-08
西南政法大学,180,成功,,2026-06-08
,181,无效,ID不存在,2026-06-08
南京体育学院,182,成功,,2026-06-08
景德镇陶瓷大学,183,成功,,2026-06-08
重庆邮电大学,184,成功,,2026-06-08
江西中医药大学,185,成功,,2026-06-08
上饶师范学院,186,成功,,2026-06-08
重庆理工大学,187,成功,,2026-06-08
辽东学院,188,成功,,2026-06-08
赣南师范大学,189,成功,,2026-06-08
江西科技师范大学,190,成功,,2026-06-08
长江师范学院,191,成功,,2026-06-08
宜春学院,192,成功,,2026-06-08
四川外国语大学,193,成功,,2026-06-08
九江学院,194,成功,,2026-06-08
赣南医科大学,195,成功,,2026-06-08
四川美术学院,196,成功,,2026-06-08
井冈山大学,197,成功,,2026-06-08
重庆三峡科技大学,198,成功,,2026-06-08
石河子大学,199,成功,,2026-06-08
鲁迅美术学院,200,成功,,2026-06-08
中国刑事警察学院,201,成功,,2026-06-08
沈阳医学院,202,成功,,2026-06-08
沈阳体育学院,203,成功,,2026-06-08
鞍山师范学院,204,成功,,2026-06-08
辽宁中医药大学,205,成功,,2026-06-08
沈阳音乐学院,206,成功,,2026-06-08
锦州医科大学,207,成功,,2026-06-08
大连民族大学,208,成功,,2026-06-08
沈阳航空航天大学,209,成功,,2026-06-08
大连海洋大学,210,成功,,2026-06-08
大连工业大学,211,成功,,2026-06-08
沈阳建筑大学,212,成功,,2026-06-08
辽宁工业大学,213,成功,,2026-06-08
渤海大学,214,成功,,2026-06-08
沈阳化工大学,215,成功,,2026-06-08
大连外国语大学,216,成功,,2026-06-08
沈阳理工大学,217,成功,,2026-06-08
大连大学,218,成功,,2026-06-08
大连医科大学,219,成功,,2026-06-08
大连交通大学,220,成功,,2026-06-08
沈阳师范大学,221,成功,,2026-06-08
辽宁科技大学,222,成功,,2026-06-08
辽宁石油化工大学,223,成功,,2026-06-08
沈阳大学,224,成功,,2026-06-08
辽宁师范大学,225,成功,,2026-06-08
沈阳药科大学,226,成功,,2026-06-08
沈阳工业大学,227,成功,,2026-06-08
沈阳农业大学,228,成功,,2026-06-08
东北财经大学,229,成功,,2026-06-08
中国医科大学,230,成功,,2026-06-08
西南民族大学,231,成功,,2026-06-08
成都理工大学,232,成功,,2026-06-08
新疆农业大学,233,成功,,2026-06-08
新疆医科大学,234,成功,,2026-06-08
新疆师范大学,235,成功,,2026-06-08
喀什大学,236,成功,,2026-06-08
新疆财经大学,237,成功,,2026-06-08
新疆艺术学院,238,成功,,2026-06-08
昌吉学院,239,成功,,2026-06-08
宁波大学,240,成功,,2026-06-08
浙江师范大学,241,成功,,2026-06-08
浙江工业大学,242,成功,,2026-06-08
浙江理工大学,243,成功,,2026-06-08
嘉兴大学,244,成功,,2026-06-08
西华大学,245,成功,,2026-06-08
浙江科技大学,246,成功,,2026-06-08
中国计量大学,247,成功,,2026-06-08
浙江海洋大学,248,成功,,2026-06-08
浙江农林大学,249,成功,,2026-06-08
浙江中医药大学,250,成功,,2026-06-08
温州医科大学,251,成功,,2026-06-08
杭州师范大学,252,成功,,2026-06-08
湖州师范大学,253,成功,,2026-06-08
台州学院,254,成功,,2026-06-08
绍兴大学,255,成功,,2026-06-08
温州大学,256,成功,,2026-06-08
浙江工商大学,257,成功,,2026-06-08
浙江财经大学,258,成功,,2026-06-08
中国美术学院,259,成功,,2026-06-08
浙江万里学院,260,成功,,2026-06-08
,261,无效,ID不存在,2026-06-08
山西大学,262,成功,,2026-06-08
西南科技大学,263,成功,,2026-06-08
成都中医药大学,264,成功,,2026-06-08
四川师范大学,265,成功,,2026-06-08
西华师范大学,266,成功,,2026-06-08
中国民用航空飞行学院,267,成功,,2026-06-08
西南石油大学,268,成功,,2026-06-08
山西农业大学,269,成功,,2026-06-08
成都信息工程大学,270,成功,,2026-06-08
山西医科大学,271,成功,,2026-06-08
山西师范大学,272,成功,,2026-06-08
四川轻化工大学,273,成功,,2026-06-08
西南医科大学,274,成功,,2026-06-08
山西财经大学,275,成功,,2026-06-08
川北医学院,276,成功,,2026-06-08
中北大学,277,成功,,2026-06-08
太原科技大学,278,成功,,2026-06-08
长治医学院,279,成功,,2026-06-08
忻州师范学院,280,成功,,2026-06-08
山西大同大学,281,成功,,2026-06-08
太原师范学院,282,成功,,2026-06-08
汕头大学,283,成功,,2026-06-08
深圳大学,284,成功,,2026-06-08
五邑大学,285,成功,,2026-06-08
广东工业大学,286,成功,,2026-06-08
华南农业大学,287,成功,,2026-06-08
广东海洋大学,288,成功,,2026-06-08
广州中医药大学,289,成功,,2026-06-08
广东外语外贸大学,290,成功,,2026-06-08
东莞理工学院,291,成功,,2026-06-08
广东石油化工学院,292,成功,,2026-06-08
广州大学,293,成功,,2026-06-08
广东医科大学,294,成功,,2026-06-08
广州医科大学,295,成功,,2026-06-08
广东药科大学,296,成功,,2026-06-08
韩山师范学院,297,成功,,2026-06-08
韶关学院,298,成功,,2026-06-08
岭南师范学院,299,成功,,2026-06-08
惠州学院,300,成功,,2026-06-08
嘉应学院,301,成功,,2026-06-08
广东财经大学,302,成功,,2026-06-08
广州体育学院,303,成功,,2026-06-08
广州美术学院,304,成功,,2026-06-08
星海音乐学院,305,成功,,2026-06-08
佛山大学,306,成功,,2026-06-08
上海理工大学,307,成功,,2026-06-08
上海工程技术大学,308,成功,,2026-06-08
上海海洋大学,309,成功,,2026-06-08
上海中医药大学,310,成功,,2026-06-08
上海师范大学,311,成功,,2026-06-08
上海第二工业大学,312,成功,,2026-06-08
上海海事大学,313,成功,,2026-06-08
安徽师范大学,314,成功,,2026-06-08
上海应用技术大学,315,成功,,2026-06-08
安徽工程大学,316,成功,,2026-06-08
上海电力大学,317,成功,,2026-06-08
上海对外经贸大学,318,成功,,2026-06-08
,319,无效,ID不存在,2026-06-08
上海立信会计金融学院,320,成功,,2026-06-08
,321,无效,ID不存在,2026-06-08
安徽建筑大学,322,成功,,2026-06-08
华东政法大学,323,成功,,2026-06-08
上海体育大学,324,成功,,2026-06-08
皖南医科大学,325,成功,,2026-06-08
上海音乐学院,326,成功,,2026-06-08
上海戏剧学院,327,成功,,2026-06-08
淮北师范大学,328,成功,,2026-06-08
上海杉达学院,329,成功,,2026-06-08
西安交通大学,330,成功,,2026-06-08
安徽科技工程大学,331,成功,,2026-06-08
西北农林科技大学,332,成功,,2026-06-08
淮南师范学院,333,成功,,2026-06-08
陕西师范大学,334,成功,,2026-06-08
安徽财经大学,335,成功,,2026-06-08
延安大学,336,成功,,2026-06-08
皖西学院,337,成功,,2026-06-08
合肥大学,338,成功,,2026-06-08
巢湖学院,339,成功,,2026-06-08
铜陵学院,340,成功,,2026-06-08
黄山学院,341,成功,,2026-06-08
昆明理工大学,342,成功,,2026-06-08
云南农业大学,343,成功,,2026-06-08
云南师范大学,344,成功,,2026-06-08
云南民族大学,345,成功,,2026-06-08
西南林业大学,346,成功,,2026-06-08
昆明医科大学,347,成功,,2026-06-08
云南中医药大学,348,成功,,2026-06-08
西安理工大学,349,成功,,2026-06-08
玉溪师范学院,350,成功,,2026-06-08
西安建筑科技大学,351,成功,,2026-06-08
西安科技大学,352,成功,,2026-06-08
楚雄师范学院,353,成功,,2026-06-08
西安石油大学,354,成功,,2026-06-08
红河学院,355,成功,,2026-06-08
云南财经大学,356,成功,,2026-06-08
陕西科技大学,357,成功,,2026-06-08
西安工程大学,358,成功,,2026-06-08
云南警官学院,359,成功,,2026-06-08
云南艺术学院,360,成功,,2026-06-08
西安工业大学,361,成功,,2026-06-08
大理大学,362,成功,,2026-06-08
西安邮电大学,363,成功,,2026-06-08
西藏大学,364,成功,,2026-06-08
陕西中医药大学,365,成功,,2026-06-08
咸阳师范学院,366,成功,,2026-06-08
青海大学,367,成功,,2026-06-08
渭南师范学院,368,成功,,2026-06-08
宝鸡文理学院,369,成功,,2026-06-08
青海师范大学,370,成功,,2026-06-08
陕西理工大学,371,成功,,2026-06-08
青海民族大学,372,成功,,2026-06-08
西安外国语大学,373,成功,,2026-06-08
北华大学,374,成功,,2026-06-08
西安财经大学,375,成功,,2026-06-08
西北政法大学,376,成功,,2026-06-08
长春大学,377,成功,,2026-06-08
西安体育学院,378,成功,,2026-06-08
长春理工大学,379,成功,,2026-06-08
西安音乐学院,380,成功,,2026-06-08
长春工业大学,381,成功,,2026-06-08
西安美术学院,382,成功,,2026-06-08
西安培华学院,383,成功,,2026-06-08
吉林农业大学,384,成功,,2026-06-08
湘潭大学,385,成功,,2026-06-08
吉首大学,386,成功,,2026-06-08
长春师范大学,387,成功,,2026-06-08
湖南科技大学,388,成功,,2026-06-08
长沙理工大学,389,成功,,2026-06-08
吉林师范大学,390,成功,,2026-06-08
南华大学,391,成功,,2026-06-08
湖南农业大学,392,成功,,2026-06-08
东北电力大学,393,成功,,2026-06-08
长春工程学院,394,成功,,2026-06-08
吉林建筑大学,395,成功,,2026-06-08
湖南理工大学,396,成功,,2026-06-08
湖南城市学院,397,成功,,2026-06-08
湖南工业大学,398,成功,,2026-06-08
湖南工程学院,399,成功,,2026-06-08
吉林化工大学,400,成功,,2026-06-08
中南林业科技大学,401,成功,,2026-06-08
湖南中医药大学,402,成功,,2026-06-08
湘南学院,403,成功,,2026-06-08
长春中医药大学,404,成功,,2026-06-08
吉林工程技术师范学院,405,成功,,2026-06-08
衡阳师范学院,406,成功,,2026-06-08
湖南工商大学,407,成功,,2026-06-08
通化师范学院,408,成功,,2026-06-08
湖南科技学院,409,成功,,2026-06-08
白城师范学院,410,成功,,2026-06-08
吉林外国语大学,411,成功,,2026-06-08
吉林财经大学,412,成功,,2026-06-08
吉林体育学院,413,成功,,2026-06-08
中南财经政法大学,414,成功,,2026-06-08
湖南文理学院,415,成功,,2026-06-08
怀化学院,416,成功,,2026-06-08
华中农业大学,417,成功,,2026-06-08
邵阳学院,418,成功,,2026-06-08
东北林业大学,419,成功,,2026-06-08
华中师范大学,420,成功,,2026-06-08
黑龙江大学,421,成功,,2026-06-08
佳木斯大学,422,成功,,2026-06-08
中南民族大学,423,成功,,2026-06-08
齐齐哈尔大学,424,成功,,2026-06-08
湖北大学,425,成功,,2026-06-08
哈尔滨理工大学,426,成功,,2026-06-08
黑龙江八一农垦大学,427,成功,,2026-06-08
长江大学,428,成功,,2026-06-08
哈尔滨医科大学,429,成功,,2026-06-08
江汉大学,430,成功,,2026-06-08
三峡大学,431,成功,,2026-06-08
武汉纺织大学,432,成功,,2026-06-08
湖北工业大学,433,成功,,2026-06-08
武汉工程大学,434,成功,,2026-06-08
湖北汽车工业学院,435,成功,,2026-06-08
武汉轻工大学,436,成功,,2026-06-08
湖北中医药大学,437,成功,,2026-06-08
湖北医药学院,438,成功,,2026-06-08
湖北师范大学,439,成功,,2026-06-08
黄冈师范学院,440,成功,,2026-06-08
黑龙江中医药大学,441,成功,,2026-06-08
牡丹江师范学院,442,成功,,2026-06-08
湖北工程学院,443,成功,,2026-06-08
哈尔滨商业大学,444,成功,,2026-06-08
湖北经济学院,445,成功,,2026-06-08
东北石油大学,446,成功,,2026-06-08
哈尔滨学院,447,成功,,2026-06-08
武汉体育学院,448,成功,,2026-06-08
黑龙江工程学院,449,成功,,2026-06-08
黑龙江科技大学,450,成功,,2026-06-08
湖北美术学院,451,成功,,2026-06-08
湖北民族大学,452,成功,,2026-06-08
牡丹江医科大学,453,成功,,2026-06-08
齐齐哈尔医学院,454,成功,,2026-06-08
武汉音乐学院,455,成功,,2026-06-08
黑龙江东方学院,456,成功,,2026-06-08
湖北科技学院,457,成功,,2026-06-08
郑州轻工业大学,458,成功,,2026-06-08
河南大学,459,成功,,2026-06-08
河南科技大学,460,成功,,2026-06-08
湖北文理学院,461,成功,,2026-06-08
河南农业大学,462,成功,,2026-06-08
河南理工大学,463,成功,,2026-06-08
华北水利水电大学,464,成功,,2026-06-08
华侨大学,465,成功,,2026-06-08
河南工业大学,466,成功,,2026-06-08
,467,无效,ID不存在,2026-06-08
福建农林大学,468,成功,,2026-06-08
黄河科技学院,469,成功,,2026-06-08
西藏民族大学,470,成功,,2026-06-08
集美大学,471,成功,,2026-06-08
仰恩大学,472,成功,,2026-06-08
福建师范大学,473,成功,,2026-06-08
福建理工大学,474,成功,,2026-06-08
泉州师范学院,475,成功,,2026-06-08
闽南师范大学,476,成功,,2026-06-08
闽江大学,477,成功,,2026-06-08
莆田学院,478,成功,,2026-06-08
郑州航空工业管理学院,479,成功,,2026-06-08
西北民族大学,480,成功,,2026-06-08
中原工学院,481,成功,,2026-06-08
河南医药大学,482,成功,,2026-06-08
兰州理工大学,483,成功,,2026-06-08
洛阳师范学院,484,成功,,2026-06-08
周口师范学院,485,成功,,2026-06-08
,486,无效,ID不存在,2026-06-08
南阳师范学院,487,成功,,2026-06-08
兰州交通大学,488,成功,,2026-06-08
商丘师范学院,489,成功,,2026-06-08
河南财经政法大学,490,成功,,2026-06-08
青岛农业大学,491,成功,,2026-06-08
甘肃农业大学,492,成功,,2026-06-08
许昌学院,493,成功,,2026-06-08
聊城大学,494,成功,,2026-06-08
西北师范大学,495,成功,,2026-06-08
临沂大学,496,成功,,2026-06-08
,497,无效,ID不存在,2026-06-08
甘肃中医药大学,498,成功,,2026-06-08
青岛大学,499,成功,,2026-06-08
兰州财经大学,500,成功,,2026-06-08
甘肃政法大学,501,成功,,2026-06-08
河西学院,502,成功,,2026-06-08
,503,无效,ID不存在,2026-06-08
海南大学,504,成功,,2026-06-08
内蒙古科技大学,505,成功,,2026-06-08
内蒙古民族大学,506,成功,,2026-06-08
青岛科技大学,507,成功,,2026-06-08
内蒙古工业大学,508,成功,,2026-06-08
青岛理工大学,509,成功,,2026-06-08
曲阜师范大学,510,成功,,2026-06-08
海南师范大学,511,成功,,2026-06-08
海南医科大学,512,成功,,2026-06-08
,513,无效,ID不存在,2026-06-08
贵州师范大学,514,成功,,2026-06-08
贵州医科大学,515,成功,,2026-06-08
贵州民族大学,516,成功,,2026-06-08
内蒙古农业大学,517,成功,,2026-06-08
遵义医科大学,518,成功,,2026-06-08
内蒙古师范大学,519,成功,,2026-06-08
贵州财经大学,520,成功,,2026-06-08
贵州中医药大学,521,成功,,2026-06-08
黔南民族师范学院,522,成功,,2026-06-08
遵义师范学院,523,成功,,2026-06-08
,524,无效,ID不存在,2026-06-08
内蒙古医科大学,525,成功,,2026-06-08
山东工商学院,526,成功,,2026-06-08
山东工艺美术学院,527,成功,,2026-06-08
山东建筑大学,528,成功,,2026-06-08
内蒙古财经大学,529,成功,,2026-06-08
广西医科大学,530,成功,,2026-06-08
广西师范大学,531,成功,,2026-06-08
桂林电子科技大学,532,成功,,2026-06-08
桂林理工大学,533,成功,,2026-06-08
山东交通学院,534,成功,,2026-06-08
山东财经大学,535,成功,,2026-06-08
广西科技大学,536,成功,,2026-06-08
山东科技大学,537,成功,,2026-06-08
桂林医科大学,538,成功,,2026-06-08
玉林师范学院,539,成功,,2026-06-08
山东理工大学,540,成功,,2026-06-08
南宁师范大学,541,成功,,2026-06-08
山东农业大学,542,成功,,2026-06-08
广西民族大学,543,成功,,2026-06-08
宁夏大学,544,成功,,2026-06-08
北方民族大学,545,成功,,2026-06-08
宁夏医科大学,546,成功,,2026-06-08
齐鲁工业大学,547,成功,,2026-06-08
山东体育学院,548,成功,,2026-06-08
山东艺术学院,549,成功,,2026-06-08
泰山学院,550,成功,,2026-06-08
山东第一医科大学,551,成功,,2026-06-08
潍坊学院,552,成功,,2026-06-08
山东第二医科大学,553,成功,,2026-06-08
烟台大学,554,成功,,2026-06-08
鲁东大学,555,成功,,2026-06-08
北京化工大学,556,成功,,2026-06-08
中国农业大学,557,成功,,2026-06-08
中国传媒大学,558,成功,,2026-06-08
北京城市学院,559,成功,,2026-06-08
,560,无效,ID不存在,2026-06-08
北方工业大学,561,成功,,2026-06-08
中央戏剧学院,562,成功,,2026-06-08
北京电影学院,563,成功,,2026-06-08
中央美术学院,564,成功,,2026-06-08
北京电子科技学院,565,成功,,2026-06-08
中央财经大学,566,成功,,2026-06-08
北京服装学院,567,成功,,2026-06-08
中华女子学院,568,成功,,2026-06-08
中国政法大学,569,成功,,2026-06-08
北京工商大学,570,成功,,2026-06-08
中国音乐学院,571,成功,,2026-06-08
北京建筑大学,572,成功,,2026-06-08
北京协和医学院,573,成功,,2026-06-08
中国戏曲学院,574,成功,,2026-06-08
北京联合大学,575,成功,,2026-06-08
中国人民公安大学,576,成功,,2026-06-08
中国青年政治学院,577,成功,,2026-06-08
北京农学院,578,成功,,2026-06-08
中国劳动关系学院,579,成功,,2026-06-08
北京石油化工学院,580,成功,,2026-06-08
外交学院,581,成功,,2026-06-08
,582,无效,ID不存在,2026-06-08
首钢工学院,583,成功,,2026-06-08
首都医科大学,584,成功,,2026-06-08
北京舞蹈学院,585,成功,,2026-06-08
北京物资学院,586,成功,,2026-06-08
首都体育学院,587,成功,,2026-06-08
,588,无效,ID不存在,2026-06-08
首都师范大学,589,成功,,2026-06-08
北京印刷学院,590,成功,,2026-06-08
华北电力大学（保定）,591,成功,,2026-06-08
北京语言大学,592,成功,,2026-06-08
,593,无效,ID不存在,2026-06-08
国际关系学院,594,成功,,2026-06-08
河北师范大学,595,成功,,2026-06-08
河北医科大学,596,成功,,2026-06-08
华北理工大学,597,成功,,2026-06-08
河北农业大学,598,成功,,2026-06-08
燕山大学,599,成功,,2026-06-08
承德医学院,600,成功,,2026-06-08
河北北方学院,601,成功,,2026-06-08
河北工程大学,602,成功,,2026-06-08
河北建筑工程学院,603,成功,,2026-06-08
应急管理大学,604,成功,,2026-06-08
,605,无效,ID不存在,2026-06-08
河北地质大学,606,成功,,2026-06-08
石家庄铁道大学,607,成功,,2026-06-08
唐山学院,608,成功,,2026-06-08
邢台学院,609,成功,,2026-06-08
中国人民警察大学,610,成功,,2026-06-08
中央司法警官学院,611,成功,,2026-06-08
广东职业技术学院,612,成功,,2026-06-08
广东工贸职业技术学院,613,成功,,2026-06-08
,614,无效,ID不存在,2026-06-08
广东机电职业技术学院,615,成功,,2026-06-08
广东建设职业技术学院,616,成功,,2026-06-08
广东交通职业技术学院,617,成功,,2026-06-08
,618,无效,ID不存在,2026-06-08
广东省外语艺术职业学院,619,成功,,2026-06-08
广东水利电力职业技术学院,620,成功,,2026-06-08
,621,无效,ID不存在,2026-06-08
山东师范大学,622,成功,,2026-06-08
,623,无效,ID不存在,2026-06-08
唐山师范学院,624,成功,,2026-06-08
廊坊师范学院,625,成功,,2026-06-08
河北体育学院,626,成功,,2026-06-08
衡水学院,627,成功,,2026-06-08
石家庄学院,628,成功,,2026-06-08
邯郸学院,629,成功,,2026-06-08
广东文艺职业学院,630,成功,,2026-06-08
广东亚视演艺职业学院,631,成功,,2026-06-08
广州工程技术职业学院,632,成功,,2026-06-08
广州工商学院,633,成功,,2026-06-08
,634,无效,ID不存在,2026-06-08
广州民航职业技术学院,635,成功,,2026-06-08
广州南洋理工职业学院,636,成功,,2026-06-08
,637,无效,ID不存在,2026-06-08
广州铁路职业技术学院,638,成功,,2026-06-08
,639,无效,ID不存在,2026-06-08
揭阳职业技术学院,640,成功,,2026-06-08
罗定职业技术学院,641,成功,,2026-06-08
茂名职业技术学院,642,成功,,2026-06-08
广东东软学院,643,成功,,2026-06-08
广东南华工商职业学院,644,成功,,2026-06-08
汕头职业技术学院,645,成功,,2026-06-08
深圳职业技术大学,646,成功,,2026-06-08
私立华联学院,647,成功,,2026-06-08
中山火炬职业技术学院,648,成功,,2026-06-08
珠海艺术职业学院,649,成功,,2026-06-08
保定学院,650,成功,,2026-06-08
沧州师范学院,651,成功,,2026-06-08
沧州医学高等专科学校,652,成功,,2026-06-08
防灾科技学院,653,成功,,2026-06-08
,654,无效,ID不存在,2026-06-08
上海海关学院,655,成功,,2026-06-08
,656,无效,ID不存在,2026-06-08
,657,无效,ID不存在,2026-06-08
河北女子职业技术学院,658,成功,,2026-06-08
河北美术学院,659,成功,,2026-06-08
保定电力职业技术学院,660,成功,,2026-06-08
电子科技大学,661,成功,,2026-06-08
上海邦德职业技术学院,662,成功,,2026-06-08
上海城建职业学院,663,成功,,2026-06-08
上海出版印刷高等专科学校,664,成功,,2026-06-08
,665,无效,ID不存在,2026-06-08
上海电子信息职业技术学院,666,成功,,2026-06-08
,667,无效,ID不存在,2026-06-08
上海震旦职业学院,668,成功,,2026-06-08
上海东海职业技术学院,669,成功,,2026-06-08
,670,无效,ID不存在,2026-06-08
上海工艺美术职业学院,671,成功,,2026-06-08
,672,无效,ID不存在,2026-06-08
上海海事职业技术学院,673,成功,,2026-06-08
上海济光职业技术学院,674,成功,,2026-06-08
,675,无效,ID不存在,2026-06-08
上海建桥学院,676,成功,,2026-06-08
上海交通职业技术学院,677,成功,,2026-06-08
山东医学高等专科学校,678,成功,,2026-06-08
上海科学技术职业学院,679,成功,,2026-06-08
上海立达学院,680,成功,,2026-06-08
,681,无效,ID不存在,2026-06-08
上海农林职业技术学院,682,成功,,2026-06-08
上海思博职业技术学院,683,成功,,2026-06-08
上海兴伟学院,684,成功,,2026-06-08
上海工商职业技术学院,685,成功,,2026-06-08
上海行健职业学院,686,成功,,2026-06-08
北华航天工业学院,687,成功,,2026-06-08
河北水利电力学院,688,成功,,2026-06-08
河北石油职业技术大学,689,成功,,2026-06-08
邢台医学院,690,成功,,2026-06-08
河北民族师范学院,691,成功,,2026-06-08
河北金融学院,692,成功,,2026-06-08
河北化工医药职业技术学院,693,成功,,2026-06-08
,694,无效,ID不存在,2026-06-08
河北能源职业技术学院,695,成功,,2026-06-08
张家口职业技术学院,696,成功,,2026-06-08
河北科技工程职业技术大学,697,成功,,2026-06-08
河北工业职业技术大学,698,成功,,2026-06-08
,699,无效,ID不存在,2026-06-08
沧州职业技术学院,700,成功,,2026-06-08
石家庄职业技术学院,701,成功,,2026-06-08
石家庄铁路职业技术学院,702,成功,,2026-06-08
保定职业技术学院,703,成功,,2026-06-08
邯郸职业技术学院,704,成功,,2026-06-08
,705,无效,ID不存在,2026-06-08
上海中侨职业技术大学,706,成功,,2026-06-08
黑龙江林业职业技术学院,707,成功,,2026-06-08
大庆职业学院,708,成功,,2026-06-08
大兴安岭职业学院,709,成功,,2026-06-08
哈尔滨电力职业技术学院,710,成功,,2026-06-08
哈尔滨金融学院,711,成功,,2026-06-08
哈尔滨铁道职业技术学院,712,成功,,2026-06-08
哈尔滨职业技术大学,713,成功,,2026-06-08
鹤岗师范高等专科学校,714,成功,,2026-06-08
哈尔滨建筑科技职业大学,715,成功,,2026-06-08
黑龙江职业学院,716,成功,,2026-06-08
河北软件职业技术学院,717,成功,,2026-06-08
秦皇岛职业技术学院,718,成功,,2026-06-08
,719,无效,ID不存在,2026-06-08
唐山工业职业技术大学,720,成功,,2026-06-08
河北工程技术学院,721,成功,,2026-06-08
衡水职业技术学院,722,成功,,2026-06-08
,723,无效,ID不存在,2026-06-08
河北艺术职业学院,724,成功,,2026-06-08
河北司法警官职业学院,725,成功,,2026-06-08
河北旅游职业学院,726,成功,,2026-06-08
唐山职业技术学院,727,成功,,2026-06-08
石家庄科技信息职业学院,728,成功,,2026-06-08
河北交通职业技术学院,729,成功,,2026-06-08
廊坊职业技术学院,730,成功,,2026-06-08
河北机电职业技术学院,731,成功,,2026-06-08
黑龙江旅游职业技术学院,732,成功,,2026-06-08
黑龙江能源职业学院,733,成功,,2026-06-08
黑龙江民族职业学院,734,成功,,2026-06-08
,735,无效,ID不存在,2026-06-08
,736,无效,ID不存在,2026-06-08
黑龙江农垦职业学院,737,成功,,2026-06-08
黑龙江农业工程职业技术大学,738,成功,,2026-06-08
黑龙江农业职业技术学院,739,成功,,2026-06-08
黑龙江三江美术职业学院,740,成功,,2026-06-08
黑龙江商业职业学院,741,成功,,2026-06-08
黑龙江生态工程职业学院,742,成功,,2026-06-08
,743,无效,ID不存在,2026-06-08
唐山科技职业技术学院,744,成功,,2026-06-08
,745,无效,ID不存在,2026-06-08
石家庄邮电职业技术学院,746,成功,,2026-06-08
河北公安警察职业学院,747,成功,,2026-06-08
河北外国语学院,748,成功,,2026-06-08
,749,无效,ID不存在,2026-06-08
石家庄工程职业学院,750,成功,,2026-06-08
石家庄工商职业学院,751,成功,,2026-06-08
,752,无效,ID不存在,2026-06-08
石家庄信息工程职业学院,753,成功,,2026-06-08
石家庄财经职业学院,754,成功,,2026-06-08
,755,无效,ID不存在,2026-06-08
河北建材职业技术学院,756,成功,,2026-06-08
河北政法职业学院,757,成功,,2026-06-08
,758,无效,ID不存在,2026-06-08
黑龙江司法警官职业学院,759,成功,,2026-06-08
,760,无效,ID不存在,2026-06-08
,761,无效,ID不存在,2026-06-08
黑龙江艺术职业学院,762,成功,,2026-06-08
哈尔滨信息工程学院,763,成功,,2026-06-08
黑龙江农业经济职业学院,764,成功,,2026-06-08
黑龙江工业学院,765,成功,,2026-06-08
牡丹江大学,766,成功,,2026-06-08
齐齐哈尔工程学院,767,成功,,2026-06-08
伊春职业学院,768,成功,,2026-06-08
成都工业学院,769,成功,,2026-06-08
成都东软学院,770,成功,,2026-06-08
成都航空职业技术大学,771,成功,,2026-06-08
成都农业科技职业学院,772,成功,,2026-06-08
成都艺术职业大学,773,成功,,2026-06-08
成都职业技术学院,774,成功,,2026-06-08
泸州职业技术学院,775,成功,,2026-06-08
乐山职业技术学院,776,成功,,2026-06-08
眉山职业技术学院,777,成功,,2026-06-08
绵阳职业技术学院,778,成功,,2026-06-08
四川电力职业技术学院,779,成功,,2026-06-08
四川工商职业技术学院,780,成功,,2026-06-08
四川国际标榜职业学院,781,成功,,2026-06-08
四川旅游学院,782,成功,,2026-06-08
民办四川天一学院,783,成功,,2026-06-08
四川民族学院,784,成功,,2026-06-08
阿坝师范学院,785,成功,,2026-06-08
辽宁工程技术大学,786,成功,,2026-06-08
南通大学,787,成功,,2026-06-08
四川托普信息技术职业学院,788,成功,,2026-06-08
四川职业技术学院,789,成功,,2026-06-08
雅安职业技术学院,790,成功,,2026-06-08
达州职业技术学院,791,成功,,2026-06-08
广安职业技术学院,792,成功,,2026-06-08
四川建筑职业技术大学,793,成功,,2026-06-08
南充职业技术学院,794,成功,,2026-06-08
四川工程职业技术大学,795,成功,,2026-06-08
四川航天职业技术学院,796,成功,,2026-06-08
四川化工职业技术学院,797,成功,,2026-06-08
四川文理学院,798,成功,,2026-06-08
四川机电职业技术学院,799,成功,,2026-06-08
四川交通职业技术学院,800,成功,,2026-06-08
四川工业科技学院,801,成功,,2026-06-08
四川水利职业技术学院,802,成功,,2026-06-08
四川司法警官职业学院,803,成功,,2026-06-08
四川信息职业技术学院,804,成功,,2026-06-08
四川邮电职业技术学院,805,成功,,2026-06-08
襄阳职业技术大学,806,成功,,2026-06-08
,807,无效,ID不存在,2026-06-08
鄂州职业大学,808,成功,,2026-06-08
,809,无效,ID不存在,2026-06-08
湖北职业技术学院,810,成功,,2026-06-08
湖北中医药高等专科学校,811,成功,,2026-06-08
黄冈职业技术大学,812,成功,,2026-06-08
,813,无效,ID不存在,2026-06-08
,814,无效,ID不存在,2026-06-08
武汉商学院,815,成功,,2026-06-08
武汉职业技术大学,816,成功,,2026-06-08
汉江师范学院,817,成功,,2026-06-08
北京科技职业大学,818,成功,,2026-06-08
首都师范大学科德学院,819,成功,,2026-06-08
北京培黎职业学院,820,成功,,2026-06-08
北京科技职业学院,821,成功,,2026-06-08
吉利学院,822,成功,,2026-06-08
北京汇佳职业学院,823,成功,,2026-06-08
北京经贸职业学院,824,成功,,2026-06-08
北京科技经营管理学院,825,成功,,2026-06-08
,826,无效,ID不存在,2026-06-08
,827,无效,ID不存在,2026-06-08
,828,无效,ID不存在,2026-06-08
,829,无效,ID不存在,2026-06-08
中国地质大学（北京）,830,成功,,2026-06-08
华北电力大学（北京）,831,成功,,2026-06-08
中国石油大学（北京）,832,成功,,2026-06-08
河南师范大学,833,成功,,2026-06-08
安阳工学院,834,成功,,2026-06-08
天津医学高等专科学校,835,成功,,2026-06-08
天津电子信息职业技术学院,836,成功,,2026-06-08
天津滨海职业学院,837,成功,,2026-06-08
天津渤海职业技术学院,838,成功,,2026-06-08
天津轻工职业技术学院,839,成功,,2026-06-08
天津警察学院,840,成功,,2026-06-08
天津机电职业技术学院,841,成功,,2026-06-08
,842,无效,ID不存在,2026-06-08
,843,无效,ID不存在,2026-06-08
,844,无效,ID不存在,2026-06-08
天津现代职业技术学院,845,成功,,2026-06-08
天津职业大学,846,成功,,2026-06-08
天津交通职业学院,847,成功,,2026-06-08
天津工业职业学院,848,成功,,2026-06-08
天津工艺美术职业学院,849,成功,,2026-06-08
天津开发区职业技术学院,850,成功,,2026-06-08
天津城市职业学院,851,成功,,2026-06-08
天津石油职业技术学院,852,成功,,2026-06-08
南阳理工学院,853,成功,,2026-06-08
天津国土资源和房屋职业学院,854,成功,,2026-06-08
天津商务职业学院,855,成功,,2026-06-08
,856,无效,ID不存在,2026-06-08
天津艺术职业学院,857,成功,,2026-06-08
天津中德应用技术大学,858,成功,,2026-06-08
天津铁道职业技术学院,859,成功,,2026-06-08
大连商务职业学院,860,成功,,2026-06-08
通辽职业学院,861,成功,,2026-06-08
西安外事学院,862,成功,,2026-06-08
西安思源学院,863,成功,,2026-06-08
,864,无效,ID不存在,2026-06-08
,865,无效,ID不存在,2026-06-08
北京体育大学,866,成功,,2026-06-08
江西水利电力大学,867,成功,,2026-06-08
南昌理工学院,868,成功,,2026-06-08
江西科技学院,869,成功,,2026-06-08
抚州医药学院,870,成功,,2026-06-08
江西卫生职业学院,871,成功,,2026-06-08
豫章师范学院,872,成功,,2026-06-08
河南中医药大学,873,成功,,2026-06-08
江西警察学院,874,成功,,2026-06-08
首都经济贸易大学,875,成功,,2026-06-08
信阳师范大学,876,成功,,2026-06-08
,877,无效,ID不存在,2026-06-08
安阳师范学院,878,成功,,2026-06-08
北京信息科技大学,879,成功,,2026-06-08
平顶山学院,880,成功,,2026-06-08
北京青年政治学院,881,成功,,2026-06-08
北京信息职业技术学院,882,成功,,2026-06-08
河南科技学院,883,成功,,2026-06-08
黄淮学院,884,成功,,2026-06-08
北京工业职业技术学院,885,成功,,2026-06-08
郑州警察学院,886,成功,,2026-06-08
北京经济技术职业学院,887,成功,,2026-06-08
萍乡学院,888,成功,,2026-06-08
景德镇学院,889,成功,,2026-06-08
漯河医学高等专科学校,890,成功,,2026-06-08
新余学院,891,成功,,2026-06-08
,892,无效,ID不存在,2026-06-08
江西职业技术大学,893,成功,,2026-06-08
河南工学院,894,成功,,2026-06-08
江西工业职业技术学院,895,成功,,2026-06-08
九江职业大学,896,成功,,2026-06-08
北京政法职业学院,897,成功,,2026-06-08
,898,无效,ID不存在,2026-06-08
北京财贸职业学院,899,成功,,2026-06-08
江西工业贸易职业技术学院,900,成功,,2026-06-08
,901,无效,ID不存在,2026-06-08
郑州电力高等专科学校,902,成功,,2026-06-08
,903,无效,ID不存在,2026-06-08
江西现代职业技术学院,904,成功,,2026-06-08
,905,无效,ID不存在,2026-06-08
,906,无效,ID不存在,2026-06-08
北京京北职业技术学院,907,成功,,2026-06-08
宜春职业技术学院,908,成功,,2026-06-08
南昌职业大学,909,成功,,2026-06-08
北京交通职业技术学院,910,成功,,2026-06-08
北京戏曲艺术职业学院,911,成功,,2026-06-08
北京北大方正软件职业技术学院,912,成功,,2026-06-08
江西交通职业技术学院,913,成功,,2026-06-08
抚州职业技术学院,914,成功,,2026-06-08
武汉民政职业学院,915,成功,,2026-06-08
,916,无效,ID不存在,2026-06-08
江西应用工程职业学院,917,成功,,2026-06-08
北京农业职业学院,918,成功,,2026-06-08
山西中医药大学,919,成功,,2026-06-08
运城学院,920,成功,,2026-06-08
晋中学院,921,成功,,2026-06-08
江西工程职业学院,922,成功,,2026-06-08
江西科技职业学院,923,成功,,2026-06-08
,924,无效,ID不存在,2026-06-08
江西生物科技职业学院,925,成功,,2026-06-08
江西外语外贸职业学院,926,成功,,2026-06-08
江西司法警官职业学院,927,成功,,2026-06-08
江西应用科技学院,928,成功,,2026-06-08
西昌学院,929,成功,,2026-06-08
,930,无效,ID不存在,2026-06-08
江西电力职业技术学院,931,成功,,2026-06-08
攀枝花学院,932,成功,,2026-06-08
炎黄职业技术学院,933,成功,,2026-06-08
西南大学,934,成功,,2026-06-08
贵州大学,935,成功,,2026-06-08
海军军医大学,936,成功,,2026-06-08
中国人民解放军空军军医大学,937,成功,,2026-06-08
,938,无效,ID不存在,2026-06-08
中国人民解放军国防科技大学,939,成功,,2026-06-08
江西旅游商贸职业学院,940,成功,,2026-06-08
江西农业工程职业学院,941,成功,,2026-06-08
江西青年职业学院,942,成功,,2026-06-08
江西机电职业技术学院,943,成功,,2026-06-08
江西陶瓷工艺美术职业技术学院,944,成功,,2026-06-08
,945,无效,ID不存在,2026-06-08
江西制造职业技术学院,946,成功,,2026-06-08
上饶职业技术学院,947,成功,,2026-06-08
江西应用技术职业学院,948,成功,,2026-06-08
江西财经职业学院,949,成功,,2026-06-08
江西艺术职业学院,950,成功,,2026-06-08
赣西科技职业学院,951,成功,,2026-06-08
江西飞行学院,952,成功,,2026-06-08
江西航空职业技术学院,953,成功,,2026-06-08
鹰潭职业技术学院,954,成功,,2026-06-08
江西建设职业技术学院,955,成功,,2026-06-08
江西工业工程职业技术学院,956,成功,,2026-06-08
江西工程学院,957,成功,,2026-06-08
江西信息应用职业技术学院,958,成功,,2026-06-08
江西环境工程职业学院,959,成功,,2026-06-08
南方医科大学,960,成功,,2026-06-08
肇庆学院,961,成功,,2026-06-08
,962,无效,ID不存在,2026-06-08
广东警官学院,963,成功,,2026-06-08
广东技术师范大学,964,成功,,2026-06-08
广东培正学院,965,成功,,2026-06-08
广东白云学院,966,成功,,2026-06-08
广州航海学院,967,成功,,2026-06-08
肇庆医学院,968,成功,,2026-06-08
,969,无效,ID不存在,2026-06-08
广东农工商职业技术学院,970,成功,,2026-06-08
佛山职业技术学院,971,成功,,2026-06-08
广东松山职业技术学院,972,成功,,2026-06-08
广东新安职业技术学院,973,成功,,2026-06-08
顺德职业技术大学,974,成功,,2026-06-08
潮汕职业技术学院,975,成功,,2026-06-08
广东工商职业技术大学,976,成功,,2026-06-08
广东理工学院,977,成功,,2026-06-08
广州华南商贸职业学院,978,成功,,2026-06-08
广州体育职业技术学院,979,成功,,2026-06-08
广东司法警官职业学院,980,成功,,2026-06-08
广州城市职业学院,981,成功,,2026-06-08
,982,无效,ID不存在,2026-06-08
广东邮电职业技术学院,983,成功,,2026-06-08
清远职业技术学院,984,成功,,2026-06-08
深圳信息职业技术大学,985,成功,,2026-06-08
,986,无效,ID不存在,2026-06-08
珠海城市职业技术学院,987,成功,,2026-06-08
江门职业技术学院,988,成功,,2026-06-08
惠州经济职业技术学院,989,成功,,2026-06-08
广州华立科技职业学院,990,成功,,2026-06-08
广东工程职业技术学院,991,成功,,2026-06-08
广东理工职业学院,992,成功,,2026-06-08
河源职业技术学院,993,成功,,2026-06-08
阳江职业技术学院,994,成功,,2026-06-08
广东岭南职业技术学院,995,成功,,2026-06-08
,996,无效,ID不存在,2026-06-08
广东女子职业技术学院,997,成功,,2026-06-08
汕尾职业技术学院,998,成功,,2026-06-08
广州现代信息工程职业技术学院,999,成功,,2026-06-08
广州科技职业技术大学,1000,成功,,2026-06-08
广州涉外经济职业技术学院,1001,成功,,2026-06-08
广东科学技术职业学院,1002,成功,,2026-06-08
,1003,无效,ID不存在,2026-06-08
广东行政职业学院,1004,成功,,2026-06-08
广州康大职业技术学院,1005,成功,,2026-06-08
中国矿业大学（北京）,1006,成功,,2026-06-08
武汉科技大学,1007,成功,,2026-06-08
长江工程职业技术学院,1008,成功,,2026-06-08
重庆科技大学,1009,成功,,2026-06-08
上海商学院,1010,成功,,2026-06-08
上海政法学院,1011,成功,,2026-06-08
大庆师范学院,1012,成功,,2026-06-08
武汉铁路职业技术学院,1013,成功,,2026-06-08
吉林农业科技学院,1014,成功,,2026-06-08
随州职业技术学院,1015,成功,,2026-06-08
武汉航海职业技术学院,1016,成功,,2026-06-08
长沙南方职业学院,1017,成功,,2026-06-08
重庆交通大学,1018,成功,,2026-06-08
武汉警官职业学院,1019,成功,,2026-06-08
福建医科大学,1020,成功,,2026-06-08
福建中医药大学,1021,成功,,2026-06-08
蚌埠医科大学,1022,成功,,2026-06-08
阜阳师范大学,1023,成功,,2026-06-08
安庆师范大学,1024,成功,,2026-06-08
,1025,无效,ID不存在,2026-06-08
湖北理工学院,1026,成功,,2026-06-08
湖北警官学院,1027,成功,,2026-06-08
,1028,无效,ID不存在,2026-06-08
长沙学院,1029,成功,,2026-06-08
,1030,无效,ID不存在,2026-06-08
广东金融学院,1031,成功,,2026-06-08
,1032,无效,ID不存在,2026-06-08
右江民族医学院,1033,成功,,2026-06-08
广西中医药大学,1034,成功,,2026-06-08
河池学院,1035,成功,,2026-06-08
伊犁师范大学,1036,成功,,2026-06-08
,1037,无效,ID不存在,2026-06-08
重庆文理学院,1038,成功,,2026-06-08
,1039,无效,ID不存在,2026-06-08
,1040,无效,ID不存在,2026-06-08
沈阳工程学院,1041,成功,,2026-06-08
赤峰大学,1042,成功,,2026-06-08
西安文理学院,1043,成功,,2026-06-08
昆明学院,1044,成功,,2026-06-08
黑河学院,1045,成功,,2026-06-08
广西财经学院,1046,成功,,2026-06-08
吉林医药学院,1047,成功,,2026-06-08
金陵科技学院,1048,成功,,2026-06-08
徐州工程学院,1049,成功,,2026-06-08
河南职业技术学院,1050,成功,,2026-06-08
江苏农牧科技职业学院,1051,成功,,2026-06-08
湖北经济学院法商学院,1052,成功,,2026-06-08
,1053,无效,ID不存在,2026-06-08
,1054,无效,ID不存在,2026-06-08
保险职业学院,1055,成功,,2026-06-08
湖北三峡职业技术学院,1056,成功,,2026-06-08
,1057,无效,ID不存在,2026-06-08
,1058,无效,ID不存在,2026-06-08
武汉交通职业学院,1059,成功,,2026-06-08
,1060,无效,ID不存在,2026-06-08
厦门理工学院,1061,成功,,2026-06-08
哈尔滨师范大学,1062,成功,,2026-06-08
绥化学院,1063,成功,,2026-06-08
淮阴师范学院,1064,成功,,2026-06-08
南京工业职业技术大学,1065,成功,,2026-06-08
浙江传媒学院,1066,成功,,2026-06-08
辽宁科技学院,1067,成功,,2026-06-08
湖北城市建设职业技术学院,1068,成功,,2026-06-08
江苏工程职业技术学院,1069,成功,,2026-06-08
湖南人文科技学院,1070,成功,,2026-06-08
贵阳学院,1071,成功,,2026-06-08
,1072,无效,ID不存在,2026-06-08
重庆工商大学,1073,成功,,2026-06-08
湖北水利水电职业技术学院,1074,成功,,2026-06-08
成都医学院,1075,成功,,2026-06-08
,1076,无效,ID不存在,2026-06-08
文华学院,1077,成功,,2026-06-08
,1078,无效,ID不存在,2026-06-08
,1079,无效,ID不存在,2026-06-08
,1080,无效,ID不存在,2026-06-08
,1081,无效,ID不存在,2026-06-08
绵阳师范学院,1082,成功,,2026-06-08
内江师范学院,1083,成功,,2026-06-08
宜宾学院,1084,成功,,2026-06-08
乐山师范学院,1085,成功,,2026-06-08
成都体育学院,1086,成功,,2026-06-08
,1087,无效,ID不存在,2026-06-08
,1088,无效,ID不存在,2026-06-08
曲靖师范学院,1089,成功,,2026-06-08
榆林大学,1090,成功,,2026-06-08
塔里木大学,1091,成功,,2026-06-08
上海电机学院,1092,成功,,2026-06-08
西藏藏医药大学,1093,成功,,2026-06-08
陇东学院,1094,成功,,2026-06-08
天水师范大学,1095,成功,,2026-06-08
广州南方学院,1096,成功,,2026-06-08
苏州百年职业学院,1097,成功,,2026-06-08
,1098,无效,ID不存在,2026-06-08
武汉华夏理工学院,1099,成功,,2026-06-08
商丘医学高等专科学校,1100,成功,,2026-06-08
,1101,无效,ID不存在,2026-06-08
西安航空学院,1102,成功,,2026-06-08
,1103,无效,ID不存在,2026-06-08
武昌首义学院,1104,成功,,2026-06-08
汉口学院,1105,成功,,2026-06-08
长江职业学院,1106,成功,,2026-06-08
,1107,无效,ID不存在,2026-06-08
,1108,无效,ID不存在,2026-06-08
,1109,无效,ID不存在,2026-06-08
北京金融科技学院,1110,成功,,2026-06-08
,1111,无效,ID不存在,2026-06-08
北京工业大学耿丹学院,1112,成功,,2026-06-08
,1113,无效,ID不存在,2026-06-08
郑州经贸学院,1114,成功,,2026-06-08
北京邮电大学世纪学院,1115,成功,,2026-06-08
江苏建筑职业技术大学,1116,成功,,2026-06-08
,1117,无效,ID不存在,2026-06-08
江苏警官学院,1118,成功,,2026-06-08
,1119,无效,ID不存在,2026-06-08
扬州环境资源职业技术学院,1120,成功,,2026-06-08
常州纺织服装职业技术学院,1121,成功,,2026-06-08
,1122,无效,ID不存在,2026-06-08
,1123,无效,ID不存在,2026-06-08
三峡大学科技学院,1124,成功,,2026-06-08
郑州财经学院,1125,成功,,2026-06-08
,1126,无效,ID不存在,2026-06-08
陕西青年职业学院,1127,成功,,2026-06-08
陕西航空职业技术学院,1128,成功,,2026-06-08
中国矿业大学徐海学院,1129,成功,,2026-06-08
陕西警察学院,1130,成功,,2026-06-08
电子科技大学成都学院,1131,成功,,2026-06-08
内蒙古化工职业学院,1132,成功,,2026-06-08
中南林业科技大学涉外学院,1133,成功,,2026-06-08
太原工业学院,1134,成功,,2026-06-08
,1135,无效,ID不存在,2026-06-08
,1136,无效,ID不存在,2026-06-08
,1137,无效,ID不存在,2026-06-08
,1138,无效,ID不存在,2026-06-08
南京警察学院,1139,成功,,2026-06-08
南京特殊教育师范学院,1140,成功,,2026-06-08
南京铁道职业技术学院,1141,成功,,2026-06-08
山东中医药大学,1142,成功,,2026-06-08
南京理工大学泰州科技学院,1143,成功,,2026-06-08
武汉工程科技学院,1144,成功,,2026-06-08
东南大学成贤学院,1145,成功,,2026-06-08
陕西经济管理职业技术学院,1146,成功,,2026-06-08
郑州师范学院,1147,成功,,2026-06-08
郑州工商学院,1148,成功,,2026-06-08
,1149,无效,ID不存在,2026-06-08
郑州电子信息职业技术学院,1150,成功,,2026-06-08
常州工程职业技术学院,1151,成功,,2026-06-08
山西医药学院,1152,成功,,2026-06-08
内蒙古交通职业技术学院,1153,成功,,2026-06-08
钟山职业技术学院,1154,成功,,2026-06-08
扬州工业职业技术学院,1155,成功,,2026-06-08
郑州铁路职业技术学院,1156,成功,,2026-06-08
武昌理工学院,1157,成功,,2026-06-08
湖北医药学院药护学院,1158,成功,,2026-06-08
武汉东湖学院,1159,成功,,2026-06-08
空军预警学院,1160,成功,,2026-06-08
商丘工学院,1161,成功,,2026-06-08
湖北交通职业技术学院,1162,成功,,2026-06-08
内蒙古电子信息职业技术学院,1163,成功,,2026-06-08
内蒙古商贸职业学院,1164,成功,,2026-06-08
菏泽医学专科学校,1165,成功,,2026-06-08
辽宁理工学院,1166,成功,,2026-06-08
保定理工学院,1167,成功,,2026-06-08
青岛酒店管理职业技术学院,1168,成功,,2026-06-08
武汉学院,1169,成功,,2026-06-08
宿迁学院,1170,成功,,2026-06-08
常州信息职业技术学院,1171,成功,,2026-06-08
濮阳职业技术学院,1172,成功,,2026-06-08
,1173,无效,ID不存在,2026-06-08
,1174,无效,ID不存在,2026-06-08
,1175,无效,ID不存在,2026-06-08
武汉城市学院,1176,成功,,2026-06-08
成都轻工职业技术大学,1177,成功,,2026-06-08
洛阳理工学院,1178,成功,,2026-06-08
三江学院,1179,成功,,2026-06-08
宿州学院,1180,成功,,2026-06-08
苏州职业技术大学,1181,成功,,2026-06-08
苏州工学院,1182,成功,,2026-06-08
,1183,无效,ID不存在,2026-06-08
西安翻译学院,1184,成功,,2026-06-08
西京学院,1185,成功,,2026-06-08
厦门华天涉外职业技术学院,1186,成功,,2026-06-08
鹤壁职业技术学院,1187,成功,,2026-06-08
湖南涉外经济学院,1188,成功,,2026-06-08
宁波工程学院,1189,成功,,2026-06-08
南京财经大学红山学院,1190,成功,,2026-06-08
无锡科技职业学院,1191,成功,,2026-06-08
建东职业技术学院,1192,成功,,2026-06-08
徐州工业职业技术学院,1193,成功,,2026-06-08
,1194,无效,ID不存在,2026-06-08
天津生物工程职业技术学院,1195,成功,,2026-06-08
安徽中医药大学,1196,成功,,2026-06-08
,1197,无效,ID不存在,2026-06-08
长沙商贸旅游职业技术学院,1198,成功,,2026-06-08
金山职业技术学院,1199,成功,,2026-06-08
,1200,无效,ID不存在,2026-06-08
山西药科职业学院,1201,成功,,2026-06-08
,1202,无效,ID不存在,2026-06-08
信阳农林学院,1203,成功,,2026-06-08
山东警察学院,1204,成功,,2026-06-08
,1205,无效,ID不存在,2026-06-08
,1206,无效,ID不存在,2026-06-08
,1207,无效,ID不存在,2026-06-08
,1208,无效,ID不存在,2026-06-08
,1209,无效,ID不存在,2026-06-08
山东航空学院,1210,成功,,2026-06-08
武警后勤学院,1211,成功,,2026-06-08
辽宁警察学院,1212,成功,,2026-06-08
武警工程大学,1213,成功,,2026-06-08
集美大学诚毅学院,1214,成功,,2026-06-08
上海师范大学天华学院,1215,成功,,2026-06-08
宁波诺丁汉大学,1216,成功,,2026-06-08
北京大学医学部,1217,成功,,2026-06-08
东北大学秦皇岛分校,1218,成功,,2026-06-08
山东大学（威海）,1219,成功,,2026-06-08
香港中文大学,1220,成功,,2026-06-08
香港城市大学,1221,成功,,2026-06-08
网络空间部队信息工程大学,1222,成功,,2026-06-08
解放军国际关系学院,1223,成功,,2026-06-08
中国人民解放军西安通信学院,1224,成功,,2026-06-08
,1225,无效,ID不存在,2026-06-08
联勤保障部队工程大学,1226,成功,,2026-06-08
中国人民解放军陆军军医大学,1227,成功,,2026-06-08
,1228,无效,ID不存在,2026-06-08
陆军装甲兵学院,1229,成功,,2026-06-08
中国人民解放军空军工程大学,1230,成功,,2026-06-08
火箭军工程大学,1231,成功,,2026-06-08
重庆人文科技学院,1232,成功,,2026-06-08
香港科技大学,1233,成功,,2026-06-08
香港大学,1234,成功,,2026-06-08
,1235,无效,ID不存在,2026-06-08
贵州工程应用技术学院,1236,成功,,2026-06-08
,1237,无效,ID不存在,2026-06-08
济宁医学院,1238,成功,,2026-06-08
常州工业职业技术学院,1239,成功,,2026-06-08
,1240,无效,ID不存在,2026-06-08
宁夏师范大学,1241,成功,,2026-06-08
呼伦贝尔学院,1242,成功,,2026-06-08
长沙医学院,1243,成功,,2026-06-08
辽宁对外经贸学院,1244,成功,,2026-06-08
青岛滨海学院,1245,成功,,2026-06-08
枣庄学院,1246,成功,,2026-06-08
滁州学院,1247,成功,,2026-06-08
,1248,无效,ID不存在,2026-06-08
海南热带海洋学院,1249,成功,,2026-06-08
龙岩学院,1250,成功,,2026-06-08
梧州学院,1251,成功,,2026-06-08
百色学院,1252,成功,,2026-06-08
陆军军事交通学院,1253,成功,,2026-06-08
,1254,无效,ID不存在,2026-06-08
丽水学院,1255,成功,,2026-06-08
北部湾大学,1256,成功,,2026-06-08
长治学院,1257,成功,,2026-06-08
河北科技师范学院,1258,成功,,2026-06-08
贺州学院,1259,成功,,2026-06-08
,1260,无效,ID不存在,2026-06-08
三明学院,1261,成功,,2026-06-08
商洛学院,1262,成功,,2026-06-08
安康学院,1263,成功,,2026-06-08
菏泽学院,1264,成功,,2026-06-08
西安医学院,1265,成功,,2026-06-08
铜仁学院,1266,成功,,2026-06-08
安顺学院,1267,成功,,2026-06-08
凯里学院,1268,成功,,2026-06-08
兰州城市学院,1269,成功,,2026-06-08
香港演艺学院,1270,成功,,2026-06-08
,1271,无效,ID不存在,2026-06-08
澳门理工大学,1272,成功,,2026-06-08
,1273,无效,ID不存在,2026-06-08
长春科技学院,1274,成功,,2026-06-08
北师香港浸会大学,1275,成功,,2026-06-08
吉林师范大学博达学院,1276,成功,,2026-06-08
昆明医科大学海源学院,1277,成功,,2026-06-08
四川文化产业职业学院,1278,成功,,2026-06-08
山东政法学院,1279,成功,,2026-06-08
昆明城市学院,1280,成功,,2026-06-08
武汉体育学院体育科技学院,1281,成功,,2026-06-08
,1282,无效,ID不存在,2026-06-08
,1283,无效,ID不存在,2026-06-08
西安海棠职业学院,1284,成功,,2026-06-08
广州新华学院,1285,成功,,2026-06-08
,1286,无效,ID不存在,2026-06-08
香港理工大学,1287,成功,,2026-06-08
大连工业大学艺术与信息工程学院,1288,成功,,2026-06-08
广州城建职业学院,1289,成功,,2026-06-08
,1290,无效,ID不存在,2026-06-08
吉林艺术学院,1291,成功,,2026-06-08
,1292,无效,ID不存在,2026-06-08
,1293,无效,ID不存在,2026-06-08
,1294,无效,ID不存在,2026-06-08
,1295,无效,ID不存在,2026-06-08
,1296,无效,ID不存在,2026-06-08
广州应用科技学院,1297,成功,,2026-06-08
北京理工大学珠海学院,1298,成功,,2026-06-08
,1299,无效,ID不存在,2026-06-08
,1300,无效,ID不存在,2026-06-08
平顶山工业职业技术学院,1301,成功,,2026-06-08
,1302,无效,ID不存在,2026-06-08
,1303,无效,ID不存在,2026-06-08
上海外国语大学贤达经济人文学院,1304,成功,,2026-06-08
大连理工大学城市学院,1305,成功,,2026-06-08
,1306,无效,ID不存在,2026-06-08
黄河交通学院,1307,成功,,2026-06-08
广州软件学院,1308,成功,,2026-06-08
陆军防化学院,1309,成功,,2026-06-08
解放军陆军航空兵学院,1310,成功,,2026-06-08
军事航天部队航天工程大学,1311,成功,,2026-06-08
陆军工程大学,1312,成功,,2026-06-08
,1313,无效,ID不存在,2026-06-08
长春电子科技学院,1314,成功,,2026-06-08
,1315,无效,ID不存在,2026-06-08
武汉纺织大学外经贸学院,1316,成功,,2026-06-08
,1317,无效,ID不存在,2026-06-08
,1318,无效,ID不存在,2026-06-08
,1319,无效,ID不存在,2026-06-08
,1320,无效,ID不存在,2026-06-08
海军航空大学,1321,成功,,2026-06-08
,1322,无效,ID不存在,2026-06-08
河南工程学院,1323,成功,,2026-06-08
河南开封科技传媒学院,1324,成功,,2026-06-08
,1325,无效,ID不存在,2026-06-08
,1326,无效,ID不存在,2026-06-08
天津海运职业学院,1327,成功,,2026-06-08
黑龙江外国语学院,1328,成功,,2026-06-08
三亚学院,1329,成功,,2026-06-08
江苏食品药品职业技术学院,1330,成功,,2026-06-08
,1331,无效,ID不存在,2026-06-08
辽宁商贸职业学院,1332,成功,,2026-06-08
新疆农业职业技术大学,1333,成功,,2026-06-08
郑州旅游职业学院,1334,成功,,2026-06-08
新疆轻工职业技术学院,1335,成功,,2026-06-08
日照职业技术大学,1336,成功,,2026-06-08
,1337,无效,ID不存在,2026-06-08
,1338,无效,ID不存在,2026-06-08
,1339,无效,ID不存在,2026-06-08
山西老区职业技术学院,1340,成功,,2026-06-08
浙江商业职业技术学院,1341,成功,,2026-06-08
,1342,无效,ID不存在,2026-06-08
西交利物浦大学,1343,成功,,2026-06-08
,1344,无效,ID不存在,2026-06-08
湖州职业技术学院,1345,成功,,2026-06-08
,1346,无效,ID不存在,2026-06-08
,1347,无效,ID不存在,2026-06-08
重庆科创职业学院,1348,成功,,2026-06-08
浙江建设职业技术学院,1349,成功,,2026-06-08
浙江经贸职业技术学院,1350,成功,,2026-06-08
台州职业技术学院,1351,成功,,2026-06-08
四川警察学院,1352,成功,,2026-06-08
浙江工商职业技术学院,1353,成功,,2026-06-08
浙江横店影视职业学院,1354,成功,,2026-06-08
浙江机电职业技术大学,1355,成功,,2026-06-08
湖北第二师范学院,1356,成功,,2026-06-08
浙江金融职业学院,1357,成功,,2026-06-08
,1358,无效,ID不存在,2026-06-08
苏州工业职业技术学院,1359,成功,,2026-06-08
,1360,无效,ID不存在,2026-06-08
无锡工艺职业技术学院,1361,成功,,2026-06-08
,1362,无效,ID不存在,2026-06-08
,1363,无效,ID不存在,2026-06-08
浙江水利水电学院,1364,成功,,2026-06-08
,1365,无效,ID不存在,2026-06-08
,1366,无效,ID不存在,2026-06-08
,1367,无效,ID不存在,2026-06-08
,1368,无效,ID不存在,2026-06-08
聊城职业技术学院,1369,成功,,2026-06-08
南京交通职业技术学院,1370,成功,,2026-06-08
,1371,无效,ID不存在,2026-06-08
新疆交通职业技术大学,1372,成功,,2026-06-08
吉林动画学院,1373,成功,,2026-06-08
广西艺术学院,1374,成功,,2026-06-08
四川音乐学院,1375,成功,,2026-06-08
南京信息职业技术学院,1376,成功,,2026-06-08
,1377,无效,ID不存在,2026-06-08
北京劳动保障职业学院,1378,成功,,2026-06-08
,1379,无效,ID不存在,2026-06-08
,1380,无效,ID不存在,2026-06-08
,1381,无效,ID不存在,2026-06-08
海南职业技术学院,1382,成功,,2026-06-08
陕西交通职业技术学院,1383,成功,,2026-06-08
,1384,无效,ID不存在,2026-06-08
,1385,无效,ID不存在,2026-06-08
,1386,无效,ID不存在,2026-06-08
河北传媒学院,1387,成功,,2026-06-08
苏州卫生职业技术学院,1388,成功,,2026-06-08
新疆机电职业技术学院,1389,成功,,2026-06-08
海南软件职业技术学院,1390,成功,,2026-06-08
海口经济学院,1391,成功,,2026-06-08
新疆建设职业技术学院,1392,成功,,2026-06-08
,1393,无效,ID不存在,2026-06-08
内蒙古机电职业技术学院,1394,成功,,2026-06-08
四川工商学院,1395,成功,,2026-06-08
,1396,无效,ID不存在,2026-06-08
金肯职业技术学院,1397,成功,,2026-06-08
燕京理工学院,1398,成功,,2026-06-08
楚雄医药高等专科学校,1399,成功,,2026-06-08
青岛城市学院,1400,成功,,2026-06-08
北京中医药大学东方学院,1401,成功,,2026-06-08
河北地质大学华信学院,1402,成功,,2026-06-08
无锡学院,1403,成功,,2026-06-08
海南经贸职业大学,1404,成功,,2026-06-08
江苏医药职业学院,1405,成功,,2026-06-08
江苏信息职业技术学院,1406,成功,,2026-06-08
马鞍山职业技术学院,1407,成功,,2026-06-08
河北师范大学汇华学院,1408,成功,,2026-06-08
长春建筑学院,1409,成功,,2026-06-08
三门峡职业技术学院,1410,成功,,2026-06-08
,1411,无效,ID不存在,2026-06-08
苏州经贸职业技术学院,1412,成功,,2026-06-08
武汉工程职业技术学院,1413,成功,,2026-06-08
,1414,无效,ID不存在,2026-06-08
西安财经大学行知学院,1415,成功,,2026-06-08
,1416,无效,ID不存在,2026-06-08
,1417,无效,ID不存在,2026-06-08
江苏航运职业技术学院,1418,成功,,2026-06-08
长春工业大学人文信息学院,1419,成功,,2026-06-08
山西职业技术学院,1420,成功,,2026-06-08
,1421,无效,ID不存在,2026-06-08
,1422,无效,ID不存在,2026-06-08
,1423,无效,ID不存在,2026-06-08
武汉商贸职业学院,1424,成功,,2026-06-08
,1425,无效,ID不存在,2026-06-08
,1426,无效,ID不存在,2026-06-08
,1427,无效,ID不存在,2026-06-08
晋城职业技术学院,1428,成功,,2026-06-08
安徽第二医学院,1429,成功,,2026-06-08
河南警察学院,1430,成功,,2026-06-08
南开大学滨海学院,1431,成功,,2026-06-08
海南科技职业大学,1432,成功,,2026-06-08
武昌职业学院,1433,成功,,2026-06-08
江苏农林职业技术学院,1434,成功,,2026-06-08
无锡职业技术大学,1435,成功,,2026-06-08
江苏海事职业技术学院,1436,成功,,2026-06-08
江苏大学京江学院,1437,成功,,2026-06-08
,1438,无效,ID不存在,2026-06-08
,1439,无效,ID不存在,2026-06-08
,1440,无效,ID不存在,2026-06-08
,1441,无效,ID不存在,2026-06-08
南京师范大学泰州学院,1442,成功,,2026-06-08
,1443,无效,ID不存在,2026-06-08
山西金融职业学院,1444,成功,,2026-06-08
石家庄医学高等专科学校,1445,成功,,2026-06-08
烟台理工学院,1446,成功,,2026-06-08
,1447,无效,ID不存在,2026-06-08
,1448,无效,ID不存在,2026-06-08
苏州农业职业技术学院,1449,成功,,2026-06-08
,1450,无效,ID不存在,2026-06-08
遵义医药高等专科学校,1451,成功,,2026-06-08
,1452,无效,ID不存在,2026-06-08
江南影视艺术职业学院,1453,成功,,2026-06-08
陕西电子信息职业技术学院,1454,成功,,2026-06-08
珠海科技学院,1455,成功,,2026-06-08
北京第二外国语学院中瑞酒店管理学院,1456,成功,,2026-06-08
哈尔滨工业大学（威海）,1457,成功,,2026-06-08
,1458,无效,ID不存在,2026-06-08
江海职业技术学院,1459,成功,,2026-06-08
,1460,无效,ID不存在,2026-06-08
沧州交通学院,1461,成功,,2026-06-08
,1462,无效,ID不存在,2026-06-08
,1463,无效,ID不存在,2026-06-08
,1464,无效,ID不存在,2026-06-08
,1465,无效,ID不存在,2026-06-08
,1466,无效,ID不存在,2026-06-08
,1467,无效,ID不存在,2026-06-08
,1468,无效,ID不存在,2026-06-08
上海视觉艺术学院,1469,成功,,2026-06-08
,1470,无效,ID不存在,2026-06-08
,1471,无效,ID不存在,2026-06-08
重庆对外经贸学院,1472,成功,,2026-06-08
重庆外语外事学院,1473,成功,,2026-06-08
重庆城市科技学院,1474,成功,,2026-06-08
重庆财经学院,1475,成功,,2026-06-08
重庆移通学院,1476,成功,,2026-06-08
重庆工商大学派斯学院,1477,成功,,2026-06-08
重庆工业职业技术大学,1478,成功,,2026-06-08
重庆电力高等专科学校,1479,成功,,2026-06-08
重庆工贸职业技术学院,1480,成功,,2026-06-08
重庆航天职业技术学院,1481,成功,,2026-06-08
,1482,无效,ID不存在,2026-06-08
重庆财经职业学院,1483,成功,,2026-06-08
重庆水利电力职业技术学院,1484,成功,,2026-06-08
重庆机电职业技术大学,1485,成功,,2026-06-08
重庆城市职业学院,1486,成功,,2026-06-08
重庆三峡职业学院,1487,成功,,2026-06-08
重庆电子科技职业大学,1488,成功,,2026-06-08
重庆第二师范学院,1489,成功,,2026-06-08
重庆建筑工程职业学院,1490,成功,,2026-06-08
重庆医药高等专科学校,1491,成功,,2026-06-08
重庆传媒职业学院,1492,成功,,2026-06-08
重庆警察学院,1493,成功,,2026-06-08
重庆青年职业技术学院,1494,成功,,2026-06-08
重庆三峡医药高等专科学校,1495,成功,,2026-06-08
重庆工商职业学院,1496,成功,,2026-06-08
,1497,无效,ID不存在,2026-06-08
重庆海联职业技术学院,1498,成功,,2026-06-08
重庆工程学院,1499,成功,,2026-06-08
重庆信息技术职业学院,1500,成功,,2026-06-08
重庆应用技术职业学院,1501,成功,,2026-06-08
南阳医学高等专科学校,1502,成功,,2026-06-08
,1503,无效,ID不存在,2026-06-08
,1504,无效,ID不存在,2026-06-08
荆楚理工学院,1505,成功,,2026-06-08
黎明职业大学,1506,成功,,2026-06-08
,1507,无效,ID不存在,2026-06-08
,1508,无效,ID不存在,2026-06-08
,1509,无效,ID不存在,2026-06-08
山东轻工职业学院,1510,成功,,2026-06-08
,1511,无效,ID不存在,2026-06-08
郑州工业应用技术学院,1512,成功,,2026-06-08
山东职业学院,1513,成功,,2026-06-08
,1514,无效,ID不存在,2026-06-08
湖南商务职业技术学院,2001,成功,,
湖南体育职业学院,2002,成功,,
湖南工程职业技术学院,2003,成功,,
湖南外贸职业学院,2004,成功,,
湖南网络工程职业学院,2005,成功,,
邵阳职业技术学院,2006,成功,,
湖南司法警官职业学院,2007,成功,,
湖南环境生物职业技术学院,2008,成功,,
湖南邮电职业技术学院,2009,成功,,
湘潭医卫职业技术学院,2010,成功,,
郴州职业技术学院,2011,成功,,
娄底职业技术学院,2012,成功,,
张家界航空工业职业技术学院,2013,成功,,
长沙环境保护职业技术学院,2014,成功,,
湖南艺术职业学院,2015,成功,,
湖南机电职业技术学院,2016,成功,,
长沙职业技术学院,2017,成功,,
怀化职业技术学院,2018,成功,,
岳阳职业技术学院,2019,成功,,
常德职业技术学院,2020,成功,,
湖南化工职业技术学院,2021,成功,,
湖南城建职业技术学院,2022,成功,,
湖南石油化工职业技术学院,2023,成功,,
湖南民族职业学院,2024,成功,,
湘西民族职业技术学院,2025,成功,,
湖南财经工业职业技术学院,2026,成功,,
益阳职业技术学院,2027,成功,,
湖南工艺美术职业学院,2028,成功,,
湖南理工职业技术学院,2029,成功,,
湖南汽车工程职业大学,2030,成功,,
长沙电力职业技术学院,2031,成功,,
湖南水利水电职业技术学院,2032,成功,,
湖南现代物流职业技术学院,2033,成功,,
湖南高速铁路职业技术学院,2034,成功,,
湖南铁路科技职业技术学院,2035,成功,,
湖南安全技术职业学院,2036,成功,,
湖南电气职业技术学院,2037,成功,,
湖南信息学院,2038,成功,,
湖南应用技术学院,2039,成功,,
湖南交通工程学院,2040,成功,,
湖南九嶷职业技术学院,2041,成功,,
湖南软件职业技术大学,2042,成功,,
,2043,无效,ID不存在,
湖南外国语职业学院,2044,成功,,
潇湘职业学院,2045,成功,,
湖南电子科技职业学院,2046,成功,,
湖南都市职业学院,2047,成功,,
广东轻工职业技术大学,2048,成功,,
广东食品药品职业学院,2049,成功,,
广东体育职业技术学院,2050,成功,,
广东科贸职业学院,2051,成功,,
广州科技贸易职业学院,2052,成功,,
中山职业技术学院,2053,成功,,
,2054,无效,ID不存在,
广州商学院,2055,成功,,
广州华立学院,2056,成功,,
华南农业大学珠江学院,2057,成功,,
广州理工学院,2058,成功,,
广州城市理工学院,2059,成功,,
广州华商学院,2060,成功,,
广东外语外贸大学南国商学院,2061,成功,,
广州珠江职业技术学院,2062,成功,,
广州松田职业学院,2063,成功,,
广东文理职业学院,2064,成功,,
和田师范专科学校,2065,成功,,
新疆工程学院,2066,成功,,
新疆维吾尔医学专科学校,2067,成功,,
新疆警察学院,2068,成功,,
,2069,无效,ID不存在,
乌鲁木齐职业大学,2070,成功,,
克拉玛依职业技术学院,2071,成功,,
,2072,无效,ID不存在,
伊犁职业技术学院,2073,成功,,
阿克苏职业技术学院,2074,成功,,
巴音郭楞职业技术学院,2075,成功,,
新疆石河子职业技术学院,2076,成功,,
新疆现代职业技术学院,2077,成功,,
新疆能源职业技术学院,2078,成功,,
新疆天山职业技术大学,2079,成功,,
重庆城市管理职业学院,2080,成功,,
重庆建筑科技职业学院,2081,成功,,
四川中医药高等专科学校,2082,成功,,
内江职业技术学院,2083,成功,,
宜宾职业技术学院,2084,成功,,
四川商务职业学院,2085,成功,,
四川铁道职业学院,2086,成功,,
四川艺术职业学院,2087,成功,,
四川财经职业学院,2088,成功,,
,2089,无效,ID不存在,
四川科技职业学院,2090,成功,,
四川华新现代职业学院,2091,成功,,
四川文化传媒职业学院,2092,成功,,
济宁学院,2093,成功,,
山东电力高等专科学校,2094,成功,,
淄博师范高等专科学校,2095,成功,,
山东中医药高等专科学校,2096,成功,,
山东商业职业技术学院,2097,成功,,
青岛职业技术学院,2098,成功,,
威海职业学院,2099,成功,,
山东劳动职业技术学院,2100,成功,,
莱芜职业技术学院,2101,成功,,
济宁职业技术学院,2102,成功,,
潍坊职业学院,2103,成功,,
烟台职业学院,2104,成功,,
东营职业学院,2105,成功,,
滨州职业技术大学,2106,成功,,
山东科技职业学院,2107,成功,,
山东服装职业学院,2108,成功,,
山东水利职业学院,2109,成功,,
山东畜牧兽医职业学院,2110,成功,,
山东交通职业学院,2111,成功,,
淄博职业技术大学,2112,成功,,
山东外贸职业学院,2113,成功,,
山东信息职业技术学院,2114,成功,,
青岛港湾职业技术学院,2115,成功,,
山东胜利职业学院,2116,成功,,
山东经贸职业学院,2117,成功,,
山东工业职业学院,2118,成功,,
山东化工职业学院,2119,成功,,
济南职业学院,2120,成功,,
济南工程职业技术学院,2121,成功,,
山东电子职业技术学院,2122,成功,,
山东旅游职业学院,2123,成功,,
山东铝业职业学院,2124,成功,,
泰山职业技术学院,2125,成功,,
山东药品食品职业学院,2126,成功,,
山东商务职业学院,2127,成功,,
山东城市建设职业学院,2128,成功,,
烟台汽车工程职业学院,2129,成功,,
山东司法警官职业学院,2130,成功,,
菏泽家政职业学院,2131,成功,,
山东石油化工学院,2132,成功,,
山东英才学院,2133,成功,,
潍坊科技学院,2134,成功,,
齐鲁医药学院,2135,成功,,
烟台南山学院,2136,成功,,
曲阜远东职业技术学院,2137,成功,,
山东圣翰财贸职业学院,2138,成功,,
山东力明科技职业学院,2139,成功,,
德州科技职业学院,2140,成功,,
青岛恒星科技学院,2141,成功,,
潍坊工商职业学院,2142,成功,,
枣庄科技职业学院,2143,成功,,
山东外国语职业技术大学,2144,成功,,
东营科技职业学院,2145,成功,,
山东工程职业技术大学,2146,成功,,
山东杏林科技职业学院,2147,成功,,
山东外事职业大学,2148,成功,,
青岛求实职业技术学院,2149,成功,,
山东现代学院,2150,成功,,
,2151,无效,ID不存在,
青岛飞洋职业技术学院,2152,成功,,
,2153,无效,ID不存在,
山东华宇工学院,2154,成功,,
青岛黄海学院,2155,成功,,
,2156,无效,ID不存在,
昭通学院,2157,成功,,
普洱学院,2158,成功,,
昆明冶金职业大学,2159,成功,,
,2160,无效,ID不存在,
曲靖健康医学院,2161,成功,,
保山中医药高等专科学校,2162,成功,,
丽江师范学院,2163,成功,,
德宏师范学院,2164,成功,,
滇西科技师范学院,2165,成功,,
云南国土资源职业学院,2166,成功,,
云南交通职业技术学院,2167,成功,,
昆明工业职业技术学院,2168,成功,,
云南农业职业技术学院,2169,成功,,
云南司法警官职业学院,2170,成功,,
云南文化艺术职业学院,2171,成功,,
云南体育运动职业技术学院,2172,成功,,
西双版纳职业技术学院,2173,成功,,
玉溪农业职业技术学院,2174,成功,,
云南能源职业技术学院,2175,成功,,
,2176,无效,ID不存在,
云南国防工业职业技术学院,2177,成功,,
云南机电职业技术学院,2178,成功,,
云南林业职业技术学院,2179,成功,,
云南锡业职业技术学院,2180,成功,,
昆明文理学院,2181,成功,,
云南工程职业学院,2182,成功,,
云南城市建设职业学院,2183,成功,,
云南经济管理学院,2184,成功,,
云南工商学院,2185,成功,,
昆明艺术职业学院,2186,成功,,
云南新兴职业学院,2187,成功,,
云南科技信息职业学院,2188,成功,,
哈尔滨体育学院,2189,成功,,
齐齐哈尔高等师范专科学校,2190,成功,,
大庆医学高等专科学校,2191,成功,,
黑龙江幼儿师范高等专科学校,2192,成功,,
黑龙江公安警官职业学院,2193,成功,,
七台河职业学院,2194,成功,,
黑龙江交通职业技术学院,2195,成功,,
哈尔滨科学技术职业学院,2196,成功,,
,2197,无效,ID不存在,
,2198,无效,ID不存在,
哈尔滨应用职业技术学院,2199,成功,,
哈尔滨城市职业学院,2200,成功,,
镇江市高等专科学校,2201,成功,,
苏州工艺美术职业技术学院,2202,成功,,
连云港职业技术学院,2203,成功,,
南通职业大学,2204,成功,,
,2205,无效,ID不存在,
沙洲职业工学院,2206,成功,,
泰州职业技术学院,2207,成功,,
江苏联合职业技术学院,2208,成功,,
南通科技职业学院,2209,成功,,
江苏电子信息职业学院,2210,成功,,
苏州工业园区职业技术学院,2211,成功,,
南京科技职业学院,2212,成功,,
宿迁职业技术学院,2213,成功,,
常州机电职业技术学院,2214,成功,,
江阴职业技术学院,2215,成功,,
无锡城市职业技术学院,2216,成功,,
苏州健雄职业技术学院,2217,成功,,
盐城工业职业技术学院,2218,成功,,
江苏财经职业技术学院,2219,成功,,
南京机电职业技术学院,2220,成功,,
江苏卫生健康职业学院,2221,成功,,
无锡太湖学院,2222,成功,,
苏州托普信息职业技术学院,2223,成功,,
应天职业技术学院,2224,成功,,
硅湖职业技术学院,2225,成功,,
九州职业技术学院,2226,成功,,
太湖创意职业技术学院,2227,成功,,
正德职业技术学院,2228,成功,,
昆山登云科技职业学院,2229,成功,,
南京视觉艺术职业学院,2230,成功,,
西安电力高等专科学校,2231,成功,,
陕西工业职业技术大学,2232,成功,,
陕西农林职业技术大学,2233,成功,,
陕西能源职业技术学院,2234,成功,,
陕西国防工业职业技术学院,2235,成功,,
西安航空职业技术学院,2236,成功,,
陕西财经职业技术学院,2237,成功,,
陕西职业技术学院,2238,成功,,
陕西铁路工程职业技术学院,2239,成功,,
宝鸡职业技术学院,2240,成功,,
陕西邮电职业技术学院,2241,成功,,
西安铁路职业技术学院,2242,成功,,
咸阳职业技术学院,2243,成功,,
西安职业技术学院,2244,成功,,
商洛职业技术学院,2245,成功,,
汉中职业技术学院,2246,成功,,
延安职业技术学院,2247,成功,,
渭南职业技术学院,2248,成功,,
安康职业技术学院,2249,成功,,
铜川职业技术学院,2250,成功,,
,2251,无效,ID不存在,
西北大学现代学院,2252,成功,,
西安建筑科技大学华清学院,2253,成功,,
陕西科技大学镐京学院,2254,成功,,
陕西国际商贸学院,2255,成功,,
西安欧亚学院,2256,成功,,
西安汽车职业大学,2257,成功,,
陕西旅游烹饪职业学院,2258,成功,,
西安信息职业大学,2259,成功,,
西安交通工程学院,2260,成功,,
,2261,无效,ID不存在,
,2262,无效,ID不存在,
西安城市建设职业学院,2263,成功,,
西安高新科技职业学院,2264,成功,,
,2265,无效,ID不存在,
贵州警察学院,2266,成功,,
贵州交通职业大学,2267,成功,,
贵州航天职业技术学院,2268,成功,,
贵州电子信息职业技术学院,2269,成功,,
黔南民族职业技术学院,2270,成功,,
,2271,无效,ID不存在,
黔西南民族职业技术学院,2272,成功,,
贵州轻工职业大学,2273,成功,,
贵阳康养职业大学,2274,成功,,
贵州黔南科技学院,2275,成功,,
贵阳信息科技学院,2276,成功,,
贵州城市职业学院,2277,成功,,
青海卫生职业技术学院,2278,成功,,
青海警官职业学院,2279,成功,,
青海农牧科技职业学院,2280,成功,,
宁夏民族职业技术学院,2281,成功,,
宁夏工业职业学院,2282,成功,,
宁夏职业技术大学,2283,成功,,
宁夏工商职业技术大学,2284,成功,,
宁夏财经职业技术学院,2285,成功,,
宁夏警官职业学院,2286,成功,,
宁夏建设职业技术学院,2287,成功,,
宁夏理工学院,2288,成功,,
银川能源学院,2289,成功,,
海南政法职业学院,2290,成功,,
海南外国语职业学院,2291,成功,,
三亚城市职业学院,2292,成功,,
三亚航空旅游职业学院,2293,成功,,
民政职业大学,2294,成功,,
,2295,无效,ID不存在,
,2296,无效,ID不存在,
天津传媒学院,2297,成功,,
天津商业大学宝德学院,2298,成功,,
天津医科大学临床医学院,2299,成功,,
北京科技大学天津学院,2300,成功,,
天津师范大学津沽学院,2301,成功,,
天津理工大学中环信息学院,2302,成功,,
天津财经大学珠江学院,2303,成功,,
天津天狮学院,2304,成功,,
河北对外经贸职业学院,2305,成功,,
河北正定师范高等专科学校,2306,成功,,
沧州幼儿师范高等专科学校,2307,成功,,
宣化科技职业学院,2308,成功,,
石家庄人民医学高等专科学校,2309,成功,,
石家庄科技职业学院,2310,成功,,
石家庄理工职业学院,2311,成功,,
长白山职业技术学院,2312,成功,,
长春光华学院,2313,成功,,
长春财经学院,2314,成功,,
长春大学旅游学院,2315,成功,,
呼和浩特民族学院,2316,成功,,
乌兰察布医学高等专科学校,2317,成功,,
包头铁道职业技术学院,2318,成功,,
鄂尔多斯职业学院,2319,成功,,
内蒙古大学创业学院,2320,成功,,
,2321,无效,ID不存在,
山西经贸职业学院,2322,成功,,
朔州职业技术学院,2323,成功,,
山西铁道职业技术学院,2324,成功,,
山西工学院,2325,成功,,
晋中信息学院,2326,成功,,
山西电子科技学院,2327,成功,,
山西晋中理工学院,2328,成功,,
山西科技学院,2329,成功,,
晋中健康学院,2330,成功,,
山西财经大学华商学院,2331,成功,,
运城职业技术大学,2332,成功,,
辽宁铁道职业技术学院,2333,成功,,
辽宁建筑职业学院,2334,成功,,
辽宁现代服务职业技术学院,2335,成功,,
,2336,无效,ID不存在,
沈阳城市学院,2337,成功,,
大连科技学院,2338,成功,,
,2339,无效,ID不存在,
,2340,无效,ID不存在,
,2341,无效,ID不存在,
辽宁师范大学海华学院,2342,成功,,
沈阳城市建设学院,2343,成功,,
辽宁中医药大学杏林学院,2344,成功,,
,2345,无效,ID不存在,
辽宁何氏医学院,2346,成功,,
锦州医科大学医疗学院,2347,成功,,
大连医科大学中山学院,2348,成功,,
,2349,无效,ID不存在,
沈阳科技学院,2350,成功,,
大连东软信息学院,2351,成功,,
辽宁财贸学院,2352,成功,,
大连艺术学院,2353,成功,,
大连航运职业技术学院,2354,成功,,
,2355,无效,ID不存在,
大连装备制造职业技术学院,2356,成功,,
大连汽车职业技术学院,2357,成功,,
甘肃民族师范学院,2358,成功,,
,2359,无效,ID不存在,
兰州工商学院,2360,成功,,
兰州信息科技学院,2361,成功,,
上海旅游高等专科学校,2362,成功,,
,2363,无效,ID不存在,
广西民族师范学院,2364,成功,,
广西幼儿师范高等专科学校,2365,成功,,
桂林学院,2366,成功,,
桂林信息科技学院,2367,成功,,
柳州工学院,2368,成功,,
南宁师范大学师园学院,2369,成功,,
广西民族大学相思湖学院,2370,成功,,
,2371,无效,ID不存在,
广西中医药大学赛恩斯新医药学院,2372,成功,,
,2373,无效,ID不存在,
梧州职业学院,2374,成功,,
广西理工职业技术学院,2375,成功,,
广西经济职业学院,2376,成功,,
温州科技职业学院,2377,成功,,
杭州科技职业技术学院,2378,成功,,
浙大城市学院,2379,成功,,
浙大宁波理工学院,2380,成功,,
浙江工业大学之江学院,2381,成功,,
浙江师范大学行知学院,2382,成功,,
宁波大学科学技术学院,2383,成功,,
杭州电子科技大学信息工程学院,2384,成功,,
浙江理工大学科技与艺术学院,2385,成功,,
,2386,无效,ID不存在,
浙江农林大学暨阳学院,2387,成功,,
温州医科大学仁济学院,2388,成功,,
浙江中医药大学滨江学院,2389,成功,,
杭州师范大学钱江学院,2390,成功,,
湖州学院,2391,成功,,
绍兴理工学院,2392,成功,,
温州理工学院,2393,成功,,
浙江工商大学杭州商学院,2394,成功,,
中国计量大学现代科技学院,2395,成功,,
浙江财经大学东方学院,2396,成功,,
嘉兴南湖学院,2397,成功,,
温州商学院,2398,成功,,
同济大学浙江学院,2399,成功,,
上海财经大学浙江学院,2400,成功,,
宁波财经学院,2401,成功,,
浙江越秀外国语学院,2402,成功,,
浙江汽车职业技术学院,2403,成功,,
徽商职业学院,2404,成功,,
合肥理工学院,2405,成功,,
芜湖学院,2406,成功,,
合肥经济学院,2407,成功,,
安徽医科大学临床医学院,2408,成功,,
马鞍山学院,2409,成功,,
蚌埠工商学院,2410,成功,,
淮北理工学院,2411,成功,,
合肥城市学院,2412,成功,,
安徽信息工程学院,2413,成功,,
阜阳理工学院,2414,成功,,
皖江工学院,2415,成功,,
安徽矿业职业技术学院,2416,成功,,
民办安徽旅游职业学院,2417,成功,,
合肥信息技术职业学院,2418,成功,,
民办合肥滨湖职业技术学院,2419,成功,,
安徽现代信息工程职业学院,2420,成功,,
厦门工学院,2421,成功,,
泉州轻工职业学院,2422,成功,,
厦门安防科技职业学院,2423,成功,,
江西冶金职业技术学院,2424,成功,,
,2425,无效,ID不存在,
江西传媒职业学院,2426,成功,,
南昌大学科学技术学院,2427,成功,,
江西农业大学南昌商学院,2428,成功,,
江西师范大学科学技术学院,2429,成功,,
南昌交通学院,2430,成功,,
赣南科技学院,2431,成功,,
赣东学院,2432,成功,,
南昌航空大学科技学院,2433,成功,,
南昌医学院,2434,成功,,
江西财经大学现代经济管理学院,2435,成功,,
赣南师范大学科技学院,2436,成功,,
景德镇艺术职业大学,2437,成功,,
南昌应用技术师范学院,2438,成功,,
南昌大学共青学院,2439,成功,,
南昌科技职业大学,2440,成功,,
江西新能源科技职业学院,2441,成功,,
江西枫林涉外经贸职业学院,2442,成功,,
,2443,无效,ID不存在,
河南建筑职业技术学院,2444,成功,,
安阳职业技术学院,2445,成功,,
新乡职业技术学院,2446,成功,,
驻马店职业技术学院,2447,成功,,
安阳学院,2448,成功,,
新乡工程学院,2449,成功,,
,2450,无效,ID不存在,
郑州商学院,2451,成功,,
郑州科技学院,2452,成功,,
漯河食品工程职业大学,2453,成功,,
郑州城市职业学院,2454,成功,,
河南科技职业大学,2455,成功,,
湖北工程职业学院,2456,成功,,
三峡旅游职业技术学院,2457,成功,,
武汉城市职业学院,2458,成功,,
武汉文理学院,2459,成功,,
湖北工程学院新技术学院,2460,成功,,
湖北恩施学院,2461,成功,,
武汉传媒学院,2462,成功,,
湖南第一师范学院,2463,成功,,
湖南生物机电职业技术学院,2464,成功,,
湖南国防工业职业技术学院,2465,成功,,
长沙工业学院,2466,成功,,
湘潭理工学院,2467,成功,,
湖南农业大学东方科技学院,2468,成功,,
长沙理工大学城南学院,2469,成功,,
湖南科技大学潇湘学院,2470,成功,,
湖南工业大学科技学院,2471,成功,,
湘潭大学兴湘学院,2472,成功,,
南华大学船山学院,2473,成功,,
常德学院,2474,成功,,
岳阳学院,2475,成功,,
张家界学院,2476,成功,,
湖南工程学院应用技术学院,2477,成功,,
湖南中医药大学湘杏学院,2478,成功,,
衡阳师范学院南岳学院,2479,成功,,
仲恺农业工程学院,2480,成功,,
广州职业技术大学,2481,成功,,
电子科技大学中山学院,2482,成功,,
东莞城市学院,2483,成功,,
湛江科技学院,2484,成功,,
,2485,无效,ID不存在,
新疆职业大学,2486,成功,,
新疆理工学院,2487,成功,,
,2488,无效,ID不存在,
新疆科技学院,2489,成功,,
新疆第二医学院,2490,成功,,
成都大学,2491,成功,,
四川幼儿师范高等专科学校,2492,成功,,
成都理工大学工程技术学院,2493,成功,,
四川传媒学院,2494,成功,,
成都银杏酒店管理学院,2495,成功,,
成都文理学院,2496,成功,,
成都外国语学院,2497,成功,,
成都锦城学院,2498,成功,,
绵阳城市学院,2499,成功,,
四川文化艺术学院,2500,成功,,
四川大学锦江学院,2501,成功,,
西南财经大学天府学院,2502,成功,,
西南交通大学希望学院,2503,成功,,
四川现代职业学院,2504,成功,,
四川城市职业学院,2505,成功,,
烟台工程职业技术学院,2506,成功,,
德州职业技术学院,2507,成功,,
山东传媒职业学院,2508,成功,,
临沂职业学院,2509,成功,,
枣庄职业学院,2510,成功,,
山东理工职业学院,2511,成功,,
山东文化产业职业学院,2512,成功,,
泰山科技学院,2513,成功,,
青岛工学院,2514,成功,,
,2515,无效,ID不存在,
青岛农业大学海都学院,2516,成功,,
齐鲁理工学院,2517,成功,,
潍坊理工学院,2518,成功,,
聊城大学东昌学院,2519,成功,,
保山学院,2520,成功,,
文山学院,2521,成功,,
德宏职业学院,2522,成功,,
滇池学院,2523,成功,,
丽江文化旅游学院,2524,成功,,
昆明传媒学院,2525,成功,,
昆明理工大学津桥学院,2526,成功,,
云南三鑫职业技术学院,2527,成功,,
昆明科技职业大学,2528,成功,,
佳木斯职业学院,2529,成功,,
哈尔滨远东理工学院,2530,成功,,
哈尔滨华德学院,2531,成功,,
黑龙江工商学院,2532,成功,,
哈尔滨剑桥学院,2533,成功,,
哈尔滨广厦学院,2534,成功,,
哈尔滨石油学院,2535,成功,,
黑龙江工程学院昆仑旅游学院,2536,成功,,
黑龙江财经学院,2537,成功,,
扬州职业技术大学,2538,成功,,
南京旅游职业学院,2539,成功,,
南京大学金陵学院,2540,成功,,
南京理工大学紫金学院,2541,成功,,
南京航空航天大学金城学院,2542,成功,,
南京传媒学院,2543,成功,,
南京工业大学浦江学院,2544,成功,,
南京师范大学中北学院,2545,成功,,
南京医科大学康达学院,2546,成功,,
南京中医药大学翰林学院,2547,成功,,
苏州城市学院,2548,成功,,
苏州大学应用技术学院,2549,成功,,
苏州科技大学天平学院,2550,成功,,
扬州大学广陵学院,2551,成功,,
江苏师范大学科文学院,2552,成功,,
南京邮电大学通达学院,2553,成功,,
江苏科技大学苏州理工学院,2554,成功,,
南通大学杏林学院,2555,成功,,
,2556,无效,ID不存在,
明达职业技术学院,2557,成功,,
苏州信息职业技术学院,2558,成功,,
苏州高博职业学院,2559,成功,,
西安交通大学城市学院,2560,成功,,
西安工商学院,2561,成功,,
西安明德理工学院,2562,成功,,
西安科技大学高新学院,2563,成功,,
西安理工大学高科学院,2564,成功,,
西安医学高等专科学校,2565,成功,,
兴义民族师范学院,2566,成功,,
贵州工业职业技术学院,2567,成功,,
毕节职业技术学院,2568,成功,,
贵州职业技术学院,2569,成功,,
,2570,无效,ID不存在,
遵义医科大学医学与科技学院,2571,成功,,
贵州中医药大学时珍学院,2572,成功,,
贵州黔南经济学院,2573,成功,,
贵阳人文科技学院,2574,成功,,
贵州医科大学神奇民族医药学院,2575,成功,,
宁夏大学新华学院,2576,成功,,
三亚理工职业学院,2577,成功,,
,2578,无效,ID不存在,
,2579,无效,ID不存在,
,2580,无效,ID不存在,
,2581,无效,ID不存在,
,2582,无效,ID不存在,
,2583,无效,ID不存在,
,2584,无效,ID不存在,
,2585,无效,ID不存在,
,2586,无效,ID不存在,
,2587,无效,ID不存在,
,2588,无效,ID不存在,
,2589,无效,ID不存在,
,2590,无效,ID不存在,
,2591,无效,ID不存在,
,2592,无效,ID不存在,
,2593,无效,ID不存在,
,2594,无效,ID不存在,
,2595,无效,ID不存在,
,2596,无效,ID不存在,
,2597,无效,ID不存在,
,2598,无效,ID不存在,
,2599,无效,ID不存在,
,2600,无效,ID不存在,
,2601,无效,ID不存在,
香港教育大学,2602,成功,,
,2603,无效,ID不存在,
衢州学院,2604,成功,,
,2605,无效,ID不存在,
福建江夏学院,2606,成功,,
齐鲁师范学院,2607,成功,,
山东青年政治学院,2608,成功,,
山东女子学院,2609,成功,,
广东第二师范学院,2610,成功,,
,2611,无效,ID不存在,
,2612,无效,ID不存在,
,2613,无效,ID不存在,
北京第二外国语学院,2614,成功,,
银川科技学院,2615,成功,,
内蒙古科技大学包头医学院,2616,成功,,
内蒙古科技大学包头师范学院,2617,成功,,
,2618,无效,ID不存在,
岭南大学,2619,成功,,
空军勤务学院,2620,成功,,
中国人民解放军海军大连舰艇学院,2621,成功,,
海军工程大学,2622,成功,,
空军航空大学,2623,成功,,
,2624,无效,ID不存在,
解放军电子工程学院,2625,成功,,
香港浸会大学,2626,成功,,
,2627,无效,ID不存在,
南宁理工学院,2628,成功,,
北京体育职业学院,2629,成功,,
,2630,无效,ID不存在,
新疆政法学院,2631,成功,,
长安大学兴华学院,2632,成功,,
,2633,无效,ID不存在,
,2634,无效,ID不存在,
,2635,无效,ID不存在,
,2636,无效,ID不存在,
北京交通运输职业学院,2637,成功,,
河南医学高等专科学校,2638,成功,,
,2639,无效,ID不存在,
浙江外国语学院,2640,成功,,
北京艺术传媒职业学院,2641,成功,,
承德护理职业学院,2642,成功,,
廊坊燕京职业技术学院,2643,成功,,
阳泉师范高等专科学校,2644,成功,,
,2645,无效,ID不存在,
大同煤炭职业技术学院,2646,成功,,
晋中师范高等专科学校,2647,成功,,
,2648,无效,ID不存在,
呼伦贝尔职业技术学院,2649,成功,,
满洲里俄语职业学院,2650,成功,,
辽宁城市建设职业技术学院,2651,成功,,
辽宁工程职业学院,2652,成功,,
,2653,无效,ID不存在,
辽宁医药职业学院,2654,成功,,
辽宁冶金职业技术学院,2655,成功,,
铁岭卫生职业学院,2656,成功,,
吉林科技职业技术学院,2657,成功,,
,2658,无效,ID不存在,
,2659,无效,ID不存在,
黑龙江护理高等专科学校,2660,成功,,
,2661,无效,ID不存在,
苏州工业园区服务外包职业学院,2662,成功,,
宿迁泽达职业技术学院,2663,成功,,
皖西卫生职业学院,2664,成功,,
桐城师范高等专科学校,2665,成功,,
黄山职业技术学院,2666,成功,,
滁州城市职业学院,2667,成功,,
安徽汽车职业技术学院,2668,成功,,
青岛远洋船员职业学院,2669,成功,,
长垣烹饪职业技术学院,2670,成功,,
河南应用技术职业学院,2671,成功,,
河南艺术职业学院,2672,成功,,
焦作工贸职业学院,2673,成功,,
开封文化艺术职业学院,2674,成功,,
许昌陶瓷职业学院,2675,成功,,
郑州理工职业学院,2676,成功,,
郑州信息工程职业学院,2677,成功,,
湖南高尔夫旅游职业学院,2678,成功,,
湖南工商职业学院,2679,成功,,
广州华夏职业学院,2680,成功,,
广州华商职业学院,2681,成功,,
广东南方职业学院,2682,成功,,
广东环境保护工程职业学院,2683,成功,,
东莞职业技术学院,2684,成功,,
,2685,无效,ID不存在,
广西现代职业技术学院,2686,成功,,
广西卫生职业技术学院,2687,成功,,
广西科技职业学院,2688,成功,,
海南工商职业学院,2689,成功,,
重庆旅游职业学院,2690,成功,,
重庆交通职业学院,2691,成功,,
云南商务职业学院,2692,成功,,
榆林职业技术学院,2693,成功,,
陕西工商职业学院,2694,成功,,
甘肃机电职业技术学院,2695,成功,,
天津外国语大学滨海外事学院,2696,成功,,
,2697,无效,ID不存在,
,2698,无效,ID不存在,
重庆化工职业学院,2699,成功,,
北京经济管理职业学院,2700,成功,,
,2701,无效,ID不存在,
,2702,无效,ID不存在,
,2703,无效,ID不存在,
,2704,无效,ID不存在,
,2705,无效,ID不存在,
,2706,无效,ID不存在,
,2707,无效,ID不存在,
,2708,无效,ID不存在,
,2709,无效,ID不存在,
,2710,无效,ID不存在,
,2711,无效,ID不存在,
,2712,无效,ID不存在,
,2713,无效,ID不存在,
,2714,无效,ID不存在,
,2715,无效,ID不存在,
,2716,无效,ID不存在,
,2717,无效,ID不存在,
,2718,无效,ID不存在,
,2719,无效,ID不存在,
,2720,无效,ID不存在,
,2721,无效,ID不存在,
,2722,无效,ID不存在,
,2723,无效,ID不存在,
,2724,无效,ID不存在,
,2725,无效,ID不存在,
,2726,无效,ID不存在,
,2727,无效,ID不存在,
,2728,无效,ID不存在,
,2729,无效,ID不存在,
,2730,无效,ID不存在,
,2731,无效,ID不存在,
,2732,无效,ID不存在,
,2733,无效,ID不存在,
,2734,无效,ID不存在,
,2735,无效,ID不存在,
,2736,无效,ID不存在,
,2737,无效,ID不存在,
,2738,无效,ID不存在,
,2739,无效,ID不存在,
,2740,无效,ID不存在,
,2741,无效,ID不存在,
,2742,无效,ID不存在,
,2743,无效,ID不存在,
,2744,无效,ID不存在,
,2745,无效,ID不存在,
,2746,无效,ID不存在,
,2747,无效,ID不存在,
,2748,无效,ID不存在,
,2749,无效,ID不存在,
,2750,无效,ID不存在,
,2751,无效,ID不存在,
,2752,无效,ID不存在,
,2753,无效,ID不存在,
,2754,无效,ID不存在,
,2755,无效,ID不存在,
,2756,无效,ID不存在,
,2757,无效,ID不存在,
,2758,无效,ID不存在,
,2759,无效,ID不存在,
,2760,无效,ID不存在,
,2761,无效,ID不存在,
,2762,无效,ID不存在,
,2763,无效,ID不存在,
,2764,无效,ID不存在,
,2765,无效,ID不存在,
,2766,无效,ID不存在,
,2767,无效,ID不存在,
,2768,无效,ID不存在,
,2769,无效,ID不存在,
,2770,无效,ID不存在,
,2771,无效,ID不存在,
,2772,无效,ID不存在,
,2773,无效,ID不存在,
,2774,无效,ID不存在,
,2775,无效,ID不存在,
,2776,无效,ID不存在,
,2777,无效,ID不存在,
,2778,无效,ID不存在,
,2779,无效,ID不存在,
,2780,无效,ID不存在,
,2781,无效,ID不存在,
,2782,无效,ID不存在,
,2783,无效,ID不存在,
,2784,无效,ID不存在,
,2785,无效,ID不存在,
,2786,无效,ID不存在,
,2787,无效,ID不存在,
,2788,无效,ID不存在,
,2789,无效,ID不存在,
,2790,无效,ID不存在,
,2791,无效,ID不存在,
,2792,无效,ID不存在,
,2793,无效,ID不存在,
,2794,无效,ID不存在,
,2795,无效,ID不存在,
,2796,无效,ID不存在,
,2797,无效,ID不存在,
,2798,无效,ID不存在,
,2799,无效,ID不存在,
,2800,无效,ID不存在,
,2801,无效,ID不存在,
,2802,无效,ID不存在,
,2803,无效,ID不存在,
,2804,无效,ID不存在,
,2805,无效,ID不存在,
,2806,无效,ID不存在,
,2807,无效,ID不存在,
,2808,无效,ID不存在,
澳门科技大学,2809,成功,,
澳门大学,2810,成功,,
澳门旅游大学,2811,成功,,
,2812,无效,ID不存在,
,2813,无效,ID不存在,
首都师范大学继续教育学院,2814,成功,,
陕西学前师范学院,2815,成功,,
,2816,无效,ID不存在,
济南护理职业学院,2817,成功,,
重庆艺术工程职业学院,2818,成功,,
重庆经贸职业学院,2819,成功,,
重庆公共运输职业学院,2820,成功,,
重庆电信职业学院,2821,成功,,
,2822,无效,ID不存在,
,2823,无效,ID不存在,
,2824,无效,ID不存在,
,2825,无效,ID不存在,
,2826,无效,ID不存在,
,2827,无效,ID不存在,
,2828,无效,ID不存在,
,2829,无效,ID不存在,
,2830,无效,ID不存在,
,2831,无效,ID不存在,
,2832,无效,ID不存在,
华北理工大学轻工学院,2833,成功,,
广西外国语学院,2834,成功,,
广东科技学院,2835,成功,,
郑州升达经贸管理学院,2836,成功,,
山东协和学院,2837,成功,,
福州外语外贸学院,2838,成功,,
安徽外国语学院,2839,成功,,
山西工商学院,2840,成功,,
河北科技学院,2841,成功,,
商丘学院,2842,成功,,
南昌工学院,2843,成功,,
青岛电影学院,2844,成功,,
,2845,无效,ID不存在,
陕西服装工程学院,2846,成功,,
华北理工大学冀唐学院,2847,成功,,
,2848,无效,ID不存在,
齐齐哈尔理工职业学院,2849,成功,,
,2850,无效,ID不存在,
,2851,无效,ID不存在,
,2852,无效,ID不存在,
石家庄经济职业学院,2853,成功,,
廊坊卫生职业学院,2854,成功,,
河北环境工程学院,2855,成功,,
河北青年管理干部学院,2856,成功,,
石家庄幼儿师范高等专科学校,2857,成功,,
河北轨道运输职业技术学院,2858,成功,,
河北资源环境职业技术学院,2859,成功,,
,2860,无效,ID不存在,
山西青年职业学院,2861,成功,,
山西传媒学院,2862,成功,,
,2863,无效,ID不存在,
运城护理职业学院,2864,成功,,
山西卫生健康职业学院,2865,成功,,
山西省政法管理干部学院,2866,成功,,
,2867,无效,ID不存在,
四川长江职业学院,2868,成功,,
成都师范学院,2869,成功,,
,2870,无效,ID不存在,
,2871,无效,ID不存在,
,2872,无效,ID不存在,
,2873,无效,ID不存在,
西安电力机械制造公司机电学院,2874,成功,,
陕西航天职工大学,2875,成功,,
,2876,无效,ID不存在,
,2877,无效,ID不存在,
陕西省建筑工程总公司职工大学,2878,成功,,
,2879,无效,ID不存在,
,2880,无效,ID不存在,
,2881,无效,ID不存在,
,2882,无效,ID不存在,
,2883,无效,ID不存在,
,2884,无效,ID不存在,
赣州师范高等专科学校,2885,成功,,
吉林省经济管理干部学院,2886,成功,,
江西服装学院,2887,成功,,
江西工商职业技术学院,2888,成功,,
南昌师范学院,2889,成功,,
,2890,无效,ID不存在,
江西医学高等专科学校,2891,成功,,
,2892,无效,ID不存在,
,2893,无效,ID不存在,
,2894,无效,ID不存在,
,2895,无效,ID不存在,
,2896,无效,ID不存在,
潍坊工程职业学院,2897,成功,,
,2898,无效,ID不存在,
,2899,无效,ID不存在,
,2900,无效,ID不存在,
,2901,无效,ID不存在,
张家口学院,2902,成功,,
,2903,无效,ID不存在,
,2904,无效,ID不存在,
宁波幼儿师范高等专科学校,2905,成功,,
南阳职业学院,2906,成功,,
安阳幼儿师范高等专科学校,2907,成功,,
,2908,无效,ID不存在,
,2909,无效,ID不存在,
吉林城市职业技术学院,2910,成功,,
新疆体育职业技术学院,2911,成功,,
河南机电职业学院,2912,成功,,
许昌电气职业学院,2913,成功,,
鹤壁汽车工程职业学院,2914,成功,,
重庆安全技术职业学院,2915,成功,,
重庆轻工职业学院,2916,成功,,
四川电影电视学院,2917,成功,,
四川汽车职业技术学院,2918,成功,,
四川卫生康复职业学院,2919,成功,,
川北幼儿师范高等专科学校,2920,成功,,
安徽卫生健康职业学院,2921,成功,,
安徽黄梅戏艺术职业学院,2922,成功,,
安徽扬子职业技术学院,2923,成功,,
,2924,无效,ID不存在,
,2925,无效,ID不存在,
,2926,无效,ID不存在,
天门职业学院,2927,成功,,
山东海事职业学院,2928,成功,,
,2929,无效,ID不存在,
湖南食品药品职业学院,2930,成功,,
洛阳职业技术学院,2931,成功,,
,2932,无效,ID不存在,
湖南有色金属职业技术学院,2933,成功,,
上海民航职业技术学院,2934,成功,,
内蒙古能源职业学院,2935,成功,,
阿拉善职业技术学院,2936,成功,,
,2937,无效,ID不存在,
赤峰工业职业技术学院,2938,成功,,
内蒙古美术职业学院,2939,成功,,
,2940,无效,ID不存在,
南方科技大学,2941,成功,,
广州东华职业学院,2942,成功,,
广东艺术职业学院,2943,成功,,
广东信息工程职业学院,2944,成功,,
广东青年职业学院,2945,成功,,
广东创新科技职业学院,2946,成功,,
惠州卫生职业技术学院,2947,成功,,
襄阳汽车职业技术学院,2948,成功,,
湖北体育职业学院,2949,成功,,
,2950,无效,ID不存在,
,2951,无效,ID不存在,
甘肃有色冶金职业技术学院,2952,成功,,
首都经济贸易大学密云分校,2953,成功,,
泉州幼儿师范高等专科学校,2954,成功,,
延边职业技术学院,2955,成功,,
吉林省教育学院,2956,成功,,
,2957,无效,ID不存在,
新疆应用职业技术学院,2958,成功,,
济南幼儿师范高等专科学校,2959,成功,,
泰山护理职业学院,2960,成功,,
潍坊护理职业学院,2961,成功,,
,2962,无效,ID不存在,
景德镇陶瓷职业技术学院,2963,成功,,
,2964,无效,ID不存在,
北京卫生职业学院,2965,成功,,
山东财经大学燕山学院,2966,成功,,
,2967,无效,ID不存在,
,2968,无效,ID不存在,
河南推拿职业学院,2969,成功,,
福建幼儿师范高等专科学校,2970,成功,,
陆军兵种大学,2971,成功,,
陆军指挥学院,2972,成功,,
中国人民解放军陆军步兵学院,2973,成功,,
,2974,无效,ID不存在,
,2975,无效,ID不存在,
,2976,无效,ID不存在,
解放军工程兵学院,2977,成功,,
中国人民解放军海军潜艇学院,2978,成功,,
,2979,无效,ID不存在,
,2980,无效,ID不存在,
,2981,无效,ID不存在,
,2982,无效,ID不存在,
空军指挥学院,2983,成功,,
,2984,无效,ID不存在,
解放军空军第一航空学院,2985,成功,,
解放军空军西安飞行学院,2986,成功,,
,2987,无效,ID不存在,
,2988,无效,ID不存在,
解放军装甲兵学院,2989,成功,,
解放军装甲兵技术学院,2990,成功,,
,2991,无效,ID不存在,
中国人民解放军陆军边海防学院,2992,成功,,
,2993,无效,ID不存在,
武警指挥学院,2994,成功,,
武警警官学院,2995,成功,,
贵州理工学院,2996,成功,,
,2997,无效,ID不存在,
,2998,无效,ID不存在,
,2999,无效,ID不存在,
北京理工大学国际教育学院,3000,成功,,
,3001,无效,ID不存在,
,3002,无效,ID不存在,
,3003,无效,ID不存在,
山东管理学院,3004,成功,,
山东农业工程学院,3005,成功,,
北京航空航天大学软件学院,3006,成功,,
香港都会大学,3007,成功,,
香港珠海学院,3008,成功,,
,3009,无效,ID不存在,
,3010,无效,ID不存在,
,3011,无效,ID不存在,
,3012,无效,ID不存在,
,3013,无效,ID不存在,
,3014,无效,ID不存在,
,3015,无效,ID不存在,
,3016,无效,ID不存在,
,3017,无效,ID不存在,
,3018,无效,ID不存在,
,3019,无效,ID不存在,
,3020,无效,ID不存在,
,3021,无效,ID不存在,
,3022,无效,ID不存在,
,3023,无效,ID不存在,
,3024,无效,ID不存在,
,3025,无效,ID不存在,
,3026,无效,ID不存在,
,3027,无效,ID不存在,
,3028,无效,ID不存在,
,3029,无效,ID不存在,
,3030,无效,ID不存在,
,3031,无效,ID不存在,
,3032,无效,ID不存在,
,3033,无效,ID不存在,
,3034,无效,ID不存在,
郑州幼儿师范高等专科学校,3035,成功,,
郑州黄河护理职业学院,3036,成功,,
长沙卫生职业学院,3037,成功,,
,3038,无效,ID不存在,
上海纽约大学,3039,成功,,
河南护理职业学院,3040,成功,,
昆明卫生职业学院,3041,成功,,
北京警察学院,3042,成功,,
,3043,无效,ID不存在,
云南外事外语职业学院,3044,成功,,
,3045,无效,ID不存在,
浙江农业商贸职业学院,3046,成功,,
郑州商贸旅游职业学院,3047,成功,,
崇左幼儿师范高等专科学校,3048,成功,,
,3049,无效,ID不存在,
,3050,无效,ID不存在,
新疆师范高等专科学校,3051,成功,,
哈尔滨幼儿师范高等专科学校,3052,成功,,
,3053,无效,ID不存在,
,3054,无效,ID不存在,
河北中医药大学,3055,成功,,
,3056,无效,ID不存在,
,3057,无效,ID不存在,
,3058,无效,ID不存在,
,3059,无效,ID不存在,
,3060,无效,ID不存在,
营口理工学院,3061,成功,,
重庆幼儿师范高等专科学校,3062,成功,,
沈阳北软信息职业技术学院,3063,成功,,
山西能源学院,3064,成功,,
安徽粮食工程职业学院,3065,成功,,
合肥科技职业学院,3066,成功,,
河南水利与环境职业学院,3067,成功,,
河南信息统计职业学院,3068,成功,,
,3069,无效,ID不存在,
,3070,无效,ID不存在,
,3071,无效,ID不存在,
四川希望汽车职业学院,3072,成功,,
河南牧业经济学院,3073,成功,,
四川电子机械职业技术学院,3074,成功,,
重庆科技职业学院,3075,成功,,
重庆文化艺术职业学院,3076,成功,,
,3077,无效,ID不存在,
,3078,无效,ID不存在,
洛阳科技职业学院,3079,成功,,
,3080,无效,ID不存在,
,3081,无效,ID不存在,
,3082,无效,ID不存在,
哈尔滨传媒职业学院,3083,成功,,
,3084,无效,ID不存在,
,3085,无效,ID不存在,
,3086,无效,ID不存在,
云南现代职业技术学院,3087,成功,,
云南旅游职业学院,3088,成功,,
徐州幼儿师范高等专科学校,3089,成功,,
徐州生物工程职业技术学院,3090,成功,,
信阳涉外职业技术学院,3091,成功,,
新疆铁道职业技术学院,3092,成功,,
,3093,无效,ID不存在,
泰州学院,3094,成功,,
四川文轩职业学院,3095,成功,,
四川三河职业学院,3096,成功,,
陕西艺术职业学院,3097,成功,,
平顶山职业技术学院,3098,成功,,
宁夏葡萄酒与防沙治沙职业技术学院,3099,成功,,
,3100,无效,ID不存在,
,3101,无效,ID不存在,
,3102,无效,ID不存在,
,3103,无效,ID不存在,
,3104,无效,ID不存在,
辽宁轻工职业学院,3105,成功,,
辽宁轨道交通职业学院,3106,成功,,
,3107,无效,ID不存在,
,3108,无效,ID不存在,
江苏商贸职业学院,3109,成功,,
湖南幼儿师范高等专科学校,3110,成功,,
湖南三一工业职业技术学院,3111,成功,,
红河卫生职业学院,3112,成功,,
菏泽职业学院,3113,成功,,
河南工业和信息化职业学院,3114,成功,,
合肥幼儿师范高等专科学校,3115,成功,,
贵州盛华职业学院,3116,成功,,
贵州工商职业大学,3117,成功,,
广西职业师范学院,3118,成功,,
,3119,无效,ID不存在,
九江科技职业大学,3120,成功,,
,3121,无效,ID不存在,
大连理工大学（盘锦校区）,3122,成功,,
大理农林职业技术学院,3123,成功,,
渤海理工职业学院,3124,成功,,
,3125,无效,ID不存在,
保定幼儿师范高等专科学校,3126,成功,,
巴中职业技术学院,3127,成功,,
白银矿冶职业技术学院,3128,成功,,
河北工艺美术职业学院,3129,成功,,
,3130,无效,ID不存在,
,3131,无效,ID不存在,
,3132,无效,ID不存在,
,3133,无效,ID不存在,
,3134,无效,ID不存在,
,3135,无效,ID不存在,
,3136,无效,ID不存在,
,3137,无效,ID不存在,
,3138,无效,ID不存在,
,3139,无效,ID不存在,
,3140,无效,ID不存在,
,3141,无效,ID不存在,
,3142,无效,ID不存在,
南京城市职业学院,3143,成功,,
,3144,无效,ID不存在,
中国科学院大学,3145,成功,,
厦门大学国际学院,3146,成功,,
,3147,无效,ID不存在,
,3148,无效,ID不存在,
江苏第二师范学院,3149,成功,,
中国人民大学（苏州校区）,3150,成功,,
上海科技大学,3151,成功,,
合肥工业大学（宣城校区）,3152,成功,,
,3153,无效,ID不存在,
甘肃卫生职业学院,3154,成功,,
兰州科技职业学院,3155,成功,,
,3156,无效,ID不存在,
,3157,无效,ID不存在,
山东职业学院西校区,3158,成功,,
,3159,无效,ID不存在,
,3160,无效,ID不存在,
辽宁特殊教育师范高等专科学校,3161,成功,,
,3162,无效,ID不存在,
,3163,无效,ID不存在,
,3164,无效,ID不存在,
,3165,无效,ID不存在,
,3166,无效,ID不存在,
,3167,无效,ID不存在,
,3168,无效,ID不存在,
,3169,无效,ID不存在,
,3170,无效,ID不存在,
,3171,无效,ID不存在,
,3172,无效,ID不存在,
,3173,无效,ID不存在,
,3174,无效,ID不存在,
,3175,无效,ID不存在,
,3176,无效,ID不存在,
,3177,无效,ID不存在,
,3178,无效,ID不存在,
,3179,无效,ID不存在,
,3180,无效,ID不存在,
,3181,无效,ID不存在,
,3182,无效,ID不存在,
,3183,无效,ID不存在,
,3184,无效,ID不存在,
皖北卫生职业学院,3185,成功,,
四川护理职业学院,3186,成功,,
吉安职业技术学院,3187,成功,,
温州肯恩大学,3188,成功,,
,3189,无效,ID不存在,
,3190,无效,ID不存在,
重庆资源与环境保护职业学院,3191,成功,,
山东艺术设计职业学院,3192,成功,,
成都工贸职业技术学院,3193,成功,,
上海健康医学院,3194,成功,,
,3195,无效,ID不存在,
,3196,无效,ID不存在,
贵州建设职业技术学院,3197,成功,,
,3198,无效,ID不存在,
,3199,无效,ID不存在,
四川西南航空职业学院,3200,成功,,
,3201,无效,ID不存在,
香港中文大学（深圳）,3202,成功,,
川南幼儿师范高等专科学校,3203,成功,,
成都工业职业技术学院,3204,成功,,
贵州工程职业学院,3205,成功,,
,3206,无效,ID不存在,
,3207,无效,ID不存在,
浙江特殊教育职业学院,3208,成功,,
,3209,无效,ID不存在,
,3210,无效,ID不存在,
黑龙江冰雪体育职业学院,3211,成功,,
广西培贤国际职业学院,3212,成功,,
广州卫生职业技术学院,3213,成功,,
南阳农业职业学院,3214,成功,,
内蒙古艺术学院,3215,成功,,
北京网络职业学院,3216,成功,,
烟台黄金职业学院,3217,成功,,
广西金融职业技术学院,3218,成功,,
广东酒店管理职业技术学院,3219,成功,,
惠州城市职业学院,3220,成功,,
内蒙古民族幼儿师范高等专科学校,3221,成功,,
扎兰屯职业学院,3222,成功,,
鄂尔多斯生态环境职业学院,3223,成功,,
江苏财会职业学院,3224,成功,,
贵阳幼儿师范高等专科学校,3225,成功,,
,3226,无效,ID不存在,
威海海洋职业学院,3227,成功,,
辽宁民族师范高等专科学校,3228,成功,,
铜仁幼儿师范高等专科学校,3229,成功,,
南通师范高等专科学校,3230,成功,,
贵州工贸职业学院,3231,成功,,
贵州应用技术职业学院,3232,成功,,
贵州水利水电职业技术学院,3233,成功,,
贵州农业职业学院,3234,成功,,
毕节医学高等专科学校,3235,成功,,
湛江幼儿师范专科学校,3236,成功,,
广东茂名健康职业学院,3237,成功,,
广东碧桂园职业学院,3238,成功,,
广东茂名幼儿师范专科学校,3239,成功,,
广东生态工程职业学院,3240,成功,,
广东以色列理工学院,3241,成功,,
,3242,无效,ID不存在,
香港树仁大学,3243,成功,,
澳门城市大学,3244,成功,,
,3245,无效,ID不存在,
,3246,无效,ID不存在,
安徽公安职业学院,3247,成功,,
南昌影视传播职业学院,3248,成功,,
江西水利职业学院,3249,成功,,
,3250,无效,ID不存在,
深圳北理莫斯科大学,3251,成功,,
江西洪州职业学院,3252,成功,,
江西师范高等专科学校,3253,成功,,
中国社会科学院大学,3254,成功,,
哈尔滨工业大学（深圳）,3255,成功,,
阜阳幼儿师范高等专科学校,3256,成功,,
庆阳职业技术学院,3257,成功,,
陕西机电职业技术学院,3258,成功,,
福州墨尔本理工职业学院,3259,成功,,
长春健康职业学院,3260,成功,,
,3261,无效,ID不存在,
,3262,无效,ID不存在,
,3263,无效,ID不存在,
,3264,失败,页面加载超时,
,3265,失败,页面加载超时,
浙江音乐学院,3266,成功,,
,3267,无效,ID不存在,
,3268,无效,ID不存在,
海南体育职业技术学院,3269,成功,,
哈尔滨音乐学院,3270,成功,,
鄂尔多斯应用技术学院,3271,成功,,
滇西应用技术大学,3272,成功,,
江苏护理职业学院,3273,成功,,
曹妃甸职业技术学院,3274,成功,,
三亚中瑞酒店管理职业学院,3275,成功,,
运城师范高等专科学校,3276,成功,,
朔州师范高等专科学校,3277,成功,,
阳泉职业技术学院,3278,成功,,
海南健康管理职业技术学院,3279,成功,,
云南财经职业学院,3280,成功,,
深圳技术大学,3281,成功,,
闽江师范高等专科学校,3282,成功,,
吕梁职业技术学院,3283,成功,,
,3284,无效,ID不存在,
,3285,无效,ID不存在,
,3286,无效,ID不存在,
茅台学院,3287,成功,,
武汉铁路桥梁职业学院,3288,成功,,
兰州现代职业学院,3289,成功,,
贵州电子科技职业学院,3290,成功,,
武汉光谷职业学院,3291,成功,,
甘肃财贸职业学院,3292,成功,,
,3293,无效,ID不存在,
临夏现代职业学院,3294,成功,,
平凉职业技术学院,3295,成功,,
太原幼儿师范高等专科学校,3296,成功,,
湘中幼儿师范高等专科学校,3297,成功,,
贵州电子商务职业技术学院,3298,成功,,
贵州护理职业技术学院,3299,成功,,
贵州食品工程职业学院,3300,成功,,
贵州装备制造职业学院,3301,成功,,
黔南民族幼儿师范高等专科学校,3302,成功,,
贵州经贸职业技术学院,3303,成功,,
新疆工业职业技术学院,3304,成功,,
毕节工业职业技术学院,3305,成功,,
毕节幼儿师范高等专科学校,3306,成功,,
贵州健康职业学院,3307,成功,,
六盘水幼儿师范高等专科学校,3308,成功,,
,3309,无效,ID不存在,
重庆护理职业学院,3310,成功,,
中国石油大学（北京）克拉玛依校区,3311,成功,,
青海柴达木职业技术学院,3312,成功,,
青海高等职业技术学院,3313,成功,,
西宁城市职业技术学院,3314,成功,,
哈密职业技术学院,3315,成功,,
吐鲁番职业技术学院,3316,成功,,
博尔塔拉职业技术学院,3317,成功,,
新疆生产建设兵团兴新职业技术学院,3318,成功,,
昭通卫生职业学院,3319,成功,,
云南交通运输职业学院,3320,成功,,
昆明铁道职业技术学院,3321,成功,,
大理护理职业学院,3322,成功,,
云南水利水电职业学院,3323,成功,,
广西安全工程职业技术学院,3324,成功,,
广东江门中医药职业学院,3325,成功,,
惠州工程职业学院,3326,成功,,
宜春幼儿师范高等专科学校,3327,成功,,
长春师范高等专科学校,3328,成功,,
吉林水利电力职业学院,3329,成功,,
天津体育职业学院,3330,成功,,
天津滨海汽车工程职业学院,3331,成功,,
石家庄城市经济职业学院,3332,成功,,
,3333,无效,ID不存在,
唐山幼儿师范高等专科学校,3334,成功,,
辽宁税务高等专科学校,3335,成功,,
辽宁政法职业学院,3336,成功,,
吉林职业技术学院,3337,成功,,
上海公安学院,3338,成功,,
,3339,无效,ID不存在,
南京审计大学金审学院,3340,成功,,
昆山杜克大学,3341,成功,,
盐城幼儿师范高等专科学校,3342,成功,,
苏州幼儿师范高等专科学校,3343,成功,,
扬州中瑞酒店职业学院,3344,成功,,
江苏城乡建设职业学院,3345,成功,,
江苏航空职业技术学院,3346,成功,,
江苏安全技术职业学院,3347,成功,,
江苏旅游职业学院,3348,成功,,
浙江安防职业技术学院,3349,成功,,
浙江舟山群岛新区旅游与健康职业学院,3350,成功,,
上海中华职业技术学院,3351,成功,,
泉州工程职业技术学院,3352,成功,,
上饶幼儿师范高等专科学校,3353,成功,,
,3354,无效,ID不存在,
抚州幼儿师范高等专科学校,3355,成功,,
,3356,无效,ID不存在,
江西管理职业学院,3357,成功,,
赣南卫生健康职业学院,3358,成功,,
山东特殊教育职业学院,3359,成功,,
日照航海工程职业学院,3360,成功,,
河南林业职业学院,3361,成功,,
濮阳医学高等专科学校,3362,成功,,
,3363,无效,ID不存在,
驻马店幼儿师范高等专科学校,3364,成功,,
信阳航空职业学院,3365,成功,,
河南物流职业学院,3366,成功,,
郑州财税金融职业学院,3367,成功,,
三门峡社会管理职业学院,3368,成功,,
河南测绘职业学院,3369,成功,,
鹤壁能源化工职业学院,3370,成功,,
郑州卫生健康职业学院,3371,成功,,
河南地矿职业学院,3372,成功,,
平顶山文化艺术职业学院,3373,成功,,
湖北幼儿师范高等专科学校,3374,成功,,
湖北铁道运输职业学院,3375,成功,,
武汉海事职业学院,3376,成功,,
长江艺术工程职业学院,3377,成功,,
荆门职业学院,3378,成功,,
株洲师范高等专科学校,3379,成功,,
,3380,无效,ID不存在,
,3381,无效,ID不存在,
,3382,无效,ID不存在,
湖南吉利汽车职业技术学院,3383,成功,,
湘南幼儿师范高等专科学校,3384,成功,,
湖南劳动人事职业学院,3385,成功,,
,3386,无效,ID不存在,
,3387,无效,ID不存在,
,3388,无效,ID不存在,
玉柴职业技术学院,3389,成功,,
广西蓝天航空职业学院,3390,成功,,
四川应用技术职业学院,3391,成功,,
西昌民族幼儿师范高等专科学校,3392,成功,,
眉山药科职业学院,3393,成功,,
天府新区信息职业学院,3394,成功,,
德阳城市轨道交通职业学院,3395,成功,,
德阳科贸职业学院,3396,成功,,
江阳城建职业学院,3397,成功,,
天府新区航空旅游职业学院,3398,成功,,
天府新区通用航空职业学院,3399,成功,,
阿坝职业学院,3400,成功,,
四川体育职业学院,3401,成功,,
,3402,无效,ID不存在,
公安消防部队高等专科学校,3403,成功,,
云南轻纺职业学院,3404,成功,,
云南特殊教育职业学院,3405,成功,,
云南工贸职业技术学院,3406,成功,,
西藏农牧大学,3407,成功,,
新疆科技职业技术学院,3408,成功,,
宁夏幼儿师范高等专科学校,3409,成功,,
宁夏艺术职业学院,3410,成功,,
宁夏体育职业学院,3411,成功,,
,3412,无效,ID不存在,
云南医药健康职业学院,3413,成功,,
,3414,无效,ID不存在,
贵州航空职业技术学院,3415,成功,,
辽宁生态工程职业学院,3416,成功,,
,3417,无效,ID不存在,
桂林生命与健康职业技术学院,3418,成功,,
承德应用技术职业学院,3419,成功,,
哈尔滨北方航空职业技术学院,3420,成功,,
广元中核职业技术学院,3421,成功,,
南昌大学抚州医学院,3422,成功,,
郑州西亚斯学院,3423,成功,,
石河子工程职业技术学院,3424,成功,,
,3425,无效,ID不存在,
,3426,无效,ID不存在,
复旦大学上海医学院,3427,成功,,
中国消防救援学院,3428,成功,,
浙江大学医学院,3429,成功,,
萍乡卫生职业学院,3430,成功,,
江西婺源茶业职业学院,3431,成功,,
赣州职业技术学院,3432,成功,,
达州中医药职业学院,3433,成功,,
内江卫生与健康职业学院,3434,成功,,
南充科技职业学院,3435,成功,,
资阳环境科技职业学院,3436,成功,,
云南理工职业学院,3437,成功,,
喀什职业技术学院,3438,成功,,
资阳口腔职业学院,3439,成功,,
西安健康工程职业学院,3440,成功,,
,3441,无效,ID不存在,
中国人民解放军陆军特种作战学院,3442,成功,,
中国人民武装警察部队特种警察学院,3443,成功,,
,3444,无效,ID不存在,
,3445,无效,ID不存在,
,3446,无效,ID不存在,
,3447,无效,ID不存在,
厦门大学马来西亚分校,3448,成功,,
,3449,无效,ID不存在,
大同师范高等专科学校,3450,成功,,
广东茂名农林科技职业学院,3451,成功,,
,3452,无效,ID不存在,
,3453,无效,ID不存在,
和田职业技术学院,3454,成功,,
铁门关职业技术学院,3455,成功,,
昆明幼儿师范高等专科学校,3456,成功,,
,3457,无效,ID不存在,
,3458,无效,ID不存在,
,3459,无效,ID不存在,
,3460,无效,ID不存在,
安徽艺术学院,3461,成功,,
西湖大学,3462,成功,,
福建技术师范学院,3463,成功,,
江西软件职业技术大学,3464,成功,,
青岛工程职业学院,3465,成功,,
郑州亚欧交通职业学院,3466,成功,,
怀化师范高等专科学校,3467,成功,,
广东江门幼儿师范高等专科学校,3468,成功,,
广东财贸职业学院,3469,成功,,
广西自然资源职业技术学院,3470,成功,,
攀枝花攀西职业学院,3471,成功,,
曲靖职业技术学院,3472,成功,,
神木职业技术学院,3473,成功,,
宝鸡三和职业学院,3474,成功,,
克孜勒苏职业技术学院,3475,成功,,
新疆科信职业技术学院,3476,成功,,
阿勒泰职业技术学院,3477,成功,,
辽宁师范高等专科学校,3478,成功,,
,3479,无效,ID不存在,
,3480,无效,ID不存在,
,3481,无效,ID不存在,
,3482,无效,ID不存在,
江苏海洋大学,3483,成功,,
,3484,无效,ID不存在,
海南卫生健康职业学院,3485,成功,,
西南财经大学特拉华数据科学学院,3486,成功,,
邯郸幼儿师范高等专科学校,3487,成功,,
青岛幼儿师范高等专科学校,3488,成功,,
烟台幼儿师范高等专科学校,3489,成功,,
永州师范高等专科学校,3490,成功,,
衡阳幼儿师范高等专科学校,3491,成功,,
长沙幼儿师范高等专科学校,3492,成功,,
钦州幼儿师范高等专科学校,3493,成功,,
梧州医学高等专科学校,3494,成功,,
邯郸科技职业学院,3495,成功,,
唐山海运职业学院,3496,成功,,
山西通用航空职业技术学院,3497,成功,,
朔州陶瓷职业技术学院,3498,成功,,
赤峰应用技术职业学院,3499,成功,,
鞍山职业技术学院,3500,成功,,
长春早期教育职业学院,3501,成功,,
浙江宇翔职业技术学院,3502,成功,,
黄山健康职业学院,3503,成功,,
南昌健康职业技术学院,3504,成功,,
九江理工职业学院,3505,成功,,
烟台文化旅游职业学院,3506,成功,,
临沂科技职业学院,3507,成功,,
青岛航空科技职业学院,3508,成功,,
潍坊环境工程职业学院,3509,成功,,
河南女子职业学院,3510,成功,,
河南对外经济贸易职业学院,3511,成功,,
濮阳石油化工职业技术学院,3512,成功,,
南阳科技职业学院,3513,成功,,
兰考三农职业学院,3514,成功,,
汝州职业技术学院,3515,成功,,
林州建筑职业技术学院,3516,成功,,
郑州电子商务职业学院,3517,成功,,
郑州轨道工程职业学院,3518,成功,,
郑州体育职业学院,3519,成功,,
湖北健康职业学院,3520,成功,,
广西制造工程职业技术学院,3521,成功,,
广西物流职业技术学院,3522,成功,,
重庆理工职业学院,3523,成功,,
重庆智能工程职业学院,3524,成功,,
重庆健康职业学院,3525,成功,,
南充文化旅游职业学院,3526,成功,,
南充电影工业职业学院,3527,成功,,
绵阳飞行职业学院,3528,成功,,
德阳农业科技职业学院,3529,成功,,
泸州医疗器械职业学院,3530,成功,,
贵州机电职业技术学院,3531,成功,,
贵州财经职业学院,3532,成功,,
塔里木职业技术学院,3533,成功,,
塔城职业技术学院,3534,成功,,
石嘴山工贸职业技术学院,3535,成功,,
培黎职业学院,3536,成功,,
,3537,无效,ID不存在,
榆林能源科技职业学院,3538,成功,,
红河职业技术学院,3539,成功,,
长治幼儿师范高等专科学校,3540,成功,,
梅河口康美职业技术学院,3541,成功,,
,3542,无效,ID不存在,
海军指挥学院,3543,成功,,
海军勤务学院,3544,成功,,
中国人民武装警察部队指挥学院,3545,成功,,
贵州财经大学西密歇根学院,3546,成功,,
,3547,无效,ID不存在,
中国人民解放军海军士官学校,3548,成功,,
贵州民用航空职业学院,3549,成功,,
,3550,无效,ID不存在,
,3551,无效,ID不存在,
解放军空军石家庄飞行学院,3552,成功,,
,3553,无效,ID不存在,
,3554,无效,ID不存在,
,3555,无效,ID不存在,
,3556,无效,ID不存在,
,3557,无效,ID不存在,
,3558,无效,ID不存在,
,3559,无效,ID不存在,
,3560,无效,ID不存在,
,3561,无效,ID不存在,
,3562,无效,ID不存在,
,3563,无效,ID不存在,
,3564,无效,ID不存在,
,3565,无效,ID不存在,
广州幼儿师范高等专科学校,3566,成功,,
电子科技大学格拉斯哥学院,3567,成功,,
香港恒生大学,3568,成功,,
重庆移通学院德国工程学院,3569,成功,,
集美大学海外教育学院,3570,成功,,
邢台应用技术职业学院,3571,成功,,
吉林通用航空职业技术学院,3572,成功,,
通化医药健康职业学院,3573,成功,,
上海南湖职业技术学院,3574,成功,,
浙江金华科贸职业技术学院,3575,成功,,
宿州航空职业学院,3576,成功,,
和君职业学院,3577,成功,,
滨州科技职业学院,3578,成功,,
洛阳文化旅游职业学院,3579,成功,,
周口文理职业学院,3580,成功,,
信阳艺术职业学院,3581,成功,,
郑州城建职业学院,3582,成功,,
郑州医药健康职业学院,3583,成功,,
湖北孝感美珈职业学院,3584,成功,,
广东汕头幼儿师范高等专科学校,3585,成功,,
广东梅州职业技术学院,3586,成功,,
广东潮州卫生健康职业学院,3587,成功,,
广东云浮中医药职业学院,3588,成功,,
广东肇庆航空职业学院,3589,成功,,
防城港职业技术学院,3590,成功,,
广西信息职业技术学院,3591,成功,,
广西农业工程职业技术学院,3592,成功,,
北海康养职业学院,3593,成功,,
重庆工信职业学院,3594,成功,,
甘孜职业学院,3595,成功,,
自贡职业技术学院,3596,成功,,
贵州文化旅游职业学院,3597,成功,,
宝鸡中北职业学院,3598,成功,,
,3599,无效,ID不存在,
兰州航空职业技术学院,3600,成功,,
白银希望职业技术学院,3601,成功,,
烟台科技学院,3602,成功,,
,3603,无效,ID不存在,
西南大学西塔学院,3604,成功,,
重庆医科大学莱斯特大学联合学院,3605,成功,,
,3606,无效,ID不存在,
重庆五一职业技术学院,3607,成功,,
益阳师范高等专科学校,3608,成功,,
广西质量工程职业技术学院,3609,成功,,
,3610,无效,ID不存在,
,3611,无效,ID不存在,
贵州大学北阿拉巴马国际工程技术学院,3612,成功,,
北京理工大学珠海学院布莱恩特学院,3613,成功,,
常州幼儿师范高等专科学校,3614,成功,,
娄底幼儿师范高等专科学校,3615,成功,,
上海建设管理职业技术学院,3616,成功,,
上海现代化工职业学院,3617,成功,,
吕梁师范高等专科学校,3618,成功,,
上海科创职业技术学院,3619,成功,,
玉溪职业技术学院,3620,成功,,
保山职业学院,3621,成功,,
昭通职业学院,3622,成功,,
上海闵行职业技术学院,3623,成功,,
重庆中医药学院,3624,成功,,
郑州汽车工程职业学院,3625,成功,,
,3626,无效,ID不存在,
河南体育学院,3627,成功,,
华北水利水电大学乌拉尔学院,3628,成功,,
周口理工职业学院,3629,成功,,
,3630,无效,ID不存在,
宜昌科技职业学院,3631,成功,,
秦皇岛工业职业技术学院,3632,成功,,
宁夏卫生健康职业技术学院,3633,成功,,
潍坊食品科技职业学院,3634,成功,,
贵州铜仁数据职业学院,3635,成功,,
昆玉职业技术学院,3636,成功,,
吉安幼儿师范高等专科学校,3637,成功,,
新星职业技术学院,3638,成功,,
上饶卫生健康职业学院,3639,成功,,
可克达拉职业技术学院,3640,成功,,
山东城市服务职业学院,3641,成功,,
烟台城市科技职业学院,3642,成功,,
郑州食品工程职业学院,3643,成功,,
常德科技职业技术学院,3644,成功,,
海南比勒费尔德应用科学大学,3645,成功,,
邵阳工业职业技术学院,3646,成功,,
长沙文创艺术职业学院,3647,成功,,
岳阳现代服务职业学院,3648,成功,,
郴州思科职业学院,3649,成功,,
衡阳科技职业学院,3650,成功,,
桂林信息工程职业学院,3651,成功,,
定西职业技术学院,3652,成功,,
喀什理工职业技术学院,3653,成功,,
图木舒克职业技术学院,3654,成功,,
贵州体育职业学院,3655,成功,,
沧州航空职业学院,3656,成功,,
衡水健康科技职业学院,3657,成功,,
,3658,无效,ID不存在,
丽江职业技术学院,3659,成功,,
文山职业技术学院,3660,成功,,
香格里拉职业学院,3661,成功,,
邯郸应用技术职业学院,3662,成功,,
郑州美术学院,3663,成功,,
南阳工艺美术职业学院,3664,成功,,
濮阳科技职业学院,3665,成功,,
商丘幼儿师范高等专科学校,3666,成功,,
焦作新材料职业学院,3667,成功,,
开封职业学院,3668,成功,,
洛阳商业职业学院,3669,成功,,
郑州软件职业技术学院,3670,成功,,
郑州智能科技职业学院,3671,成功,,
襄阳科技职业学院,3672,成功,,
长沙轨道交通职业学院,3673,成功,,
香港科技大学（广州）,3674,成功,,
珠海格力职业学院,3675,成功,,
遂宁能源职业学院,3676,成功,,
遂宁工程职业学院,3677,成功,,
遂宁职业学院,3678,成功,,
新疆司法警官职业学院,3679,成功,,
阿克苏工业职业技术学院,3680,成功,,
重庆数字产业职业技术学院,3681,成功,,
西南大学马克思主义学院,3682,成功,,
长春数字科技职业学院,3683,成功,,
上海浦东职业技术学院,3684,成功,,
深圳城市职业学院,3685,成功,,
北京理工大学（珠海）,3686,成功,,
香港城市大学（东莞）,3687,成功,,
安徽公安学院,3688,成功,,
烟台卫生健康职业学院,3689,成功,,
日照康养职业学院,3690,成功,,
山东文化艺术职业学院,3691,成功,,
德州理工职业学院,3692,成功,,
贵州传媒职业学院,3693,成功,,
江苏司法警官职业学院,3694,成功,,
芜湖医药健康职业学院,3695,成功,,
芜湖航空职业学院,3696,成功,,
蚌埠城市轨道交通职业学院,3697,成功,,
海南东方新丝路职业学院,3698,成功,,
,3699,无效,ID不存在,
贵州生态能源职业学院,3700,成功,,
黔东南理工职业学院,3701,成功,,
康复大学（停用）,3702,成功,,
康复大学,3703,成功,,
深圳理工大学,3704,成功,,
新疆和田学院,3705,成功,,
江西樟树中医药职业学院,3706,成功,,
赣东职业技术学院,3707,成功,,
双河职业技术学院,3708,成功,,
德州工程职业学院,3709,成功,,
邢台新能源职业学院,3710,成功,,
重庆现代制造职业学院,3711,成功,,
怒江职业技术学院,3712,成功,,
临沧职业学院,3713,成功,,
云南工业信息职业学院,3714,成功,,
荆门通用航空职业技术学院,3715,成功,,
盐城农业科技职业学院,3716,成功,,
宿迁幼儿师范高等专科学校,3717,成功,,
无锡师范高等专科学校,3718,成功,,
GEC国际预科中心,3719,成功,,
信阳工程职业学院,3720,成功,,
周口城市职业学院,3721,成功,,
河南新乡工商职业学院,3722,成功,,
驻马店农业工程职业学院,3723,成功,,
英国曼彻斯特大学等名校联盟海南联合校区,3724,成功,,
怀化工商职业技术学院,3725,成功,,
湘潭科技职业学院,3726,成功,,
信阳科技职业学院,3727,成功,,
海南医科大学西英格兰学院,3728,成功,,
成都轨道交通职业学院,3729,成功,,
西昌医学高等专科学校,3730,成功,,
青海理工学院,3731,成功,,
玉林职业技术学院,3732,成功,,
广西智能制造职业技术学院,3733,成功,,
海口旅游职业学院,3734,成功,,
海南艺术职业学院,3735,成功,,
乌鲁木齐职业技术学院,3736,成功,,
华南师范大学教育科学学院,3737,成功,,
长沙医药健康职业学院,3738,成功,,
三亚护理职业学院,3739,成功,,
哈尔滨工程大学后勤办公室,3740,成功,,
电子科技大学人才办,3741,成功,,
哈尔滨工程大学核学院,3742,成功,,
中国教育在线政企,3743,成功,,
华南师范大学国际本科项目,3744,成功,,
兰州大学管理学院,3745,成功,,
福建福耀科技大学,3746,成功,,
湖北开放大学,3747,成功,,
广东财经大学继续教育学院,3748,成功,,
河南科技学院人工智能学院,3749,成功,,
湖南大学心理健康教育中心,3750,成功,,
鹰潭卫生职业学院,3751,成功,,
湖北三峡航空学院,3752,成功,,
新疆工业学院,3753,成功,,
长沙科技学院,3754,成功,,
大同数据科技职业学院,3755,成功,,
长沙科技职业学院,3756,成功,,
株洲科技职业学院,3757,成功,,
衡阳理工职业学院,3758,成功,,
郴州智能科技职业学院,3759,成功,,
江西电子信息职业技术学院,3760,成功,,
上海工程技术大学教务处,3761,成功,,
南方医科大学继续教育学院,3762,成功,,
宜宾工业职业技术学院,3763,成功,,
宜宾医药健康职业学院,3764,成功,,
上海外国语大学教务处,3765,成功,,
集美工业职业学院,3766,成功,,
南通卫生健康职业学院,3767,成功,,
安阳学院原阳校区,3768,成功,,
安徽大学纽约石溪学院,3769,成功,,
四平现代职业学院,3770,成功,,
吉林财经大学教务处,3771,成功,,
重庆城市科技学院人工智能与大数据学院,3772,成功,,
上海电机学院教务处,3773,成功,,
东北大学各省份招生咨询群,3774,成功,,
东北大学各专业招生咨询电话,3775,成功,,
东北大学智能客服,3776,成功,,
北部湾大学财务处,3777,成功,,
信息支援部队工程大学,3778,成功,,
琼台师范学院北安普顿国际学院,3779,成功,,
浙江工商大学人民武装学院,3780,成功,,
石家庄金融职业学院,3781,成功,,
石家庄农林职业学院,3782,成功,,
哈尔滨商贸职业学院,3783,成功,,
齐齐哈尔立德健康职业学院,3784,成功,,
常州铁道职业技术学院,3785,成功,,
苏州旅游职业学院,3786,成功,,
湖州健康职业学院,3787,成功,,
六安应用科技职业学院,3788,成功,,
九江卫生健康职业学院,3789,成功,,
新余职业技术学院,3790,成功,,
赣州起元职业学院,3791,成功,,
赣州远恒佳职业学院,3792,成功,,
聊城科技职业学院,3793,成功,,
济宁汽车工程职业学院,3794,成功,,
日照科技职业学院,3795,成功,,
枣庄应用技术职业学院,3796,成功,,
临沂城市职业学院,3797,成功,,
菏泽生物医药职业学院,3798,成功,,
开封工程职业学院,3799,成功,,
开封智慧健康职业学院,3800,成功,,
周口智慧能源职业学院,3801,成功,,
平顶山科技职业学院,3802,成功,,
岳阳科技职业学院,3803,成功,,
邵阳通航职业技术学院,3804,成功,,
重庆农业职业学院,3805,成功,,
重庆安防职业学院,3806,成功,,
昆明航空职业学院,3807,成功,,
日喀则职业技术学院,3808,成功,,
阜康职业技术学院,3809,成功,,
大湾区大学,3810,成功,,
宁波东方理工大学,3811,成功,,
海南警察学院,3812,成功,,
西安戏剧学院,3813,成功,,
塔里木理工学院,3814,成功,,
新疆理工职业大学,3815,成功,,
成都东软学院（中外合作办学项目）,3816,成功,,
汕头大学医学院,3817,成功,,
廊坊职业技术学院继续教育学部,3818,成功,,
华南师范大学教师教育学部,3819,成功,,
海南洛桑旅游大学,3820,成功,,
广西金融职业技术学院金融学院,3821,成功,,
山西医科大学继续教育学院,3822,成功,,
共青科技职业学院,3823,成功,,
大连艺术学院新闻中心,3824,成功,,
北京师范大学（珠海校区）,3825,成功,,
湖北生态工程职业技术学院就业办,3826,成功,,
昆明理工大学城市学院,3827,成功,,
北京交通大学（威海校区）,3828,成功,,
上海思博职业技术学院工学院,3829,成功,,
河北化工医药职业技术学院质量检测与管理系,3830,成功,,
应急管理大学,3831,成功,,
河海大学-农业科学与工程学院,3832,成功,,
西北大学财务处,3833,成功,,
共青团华南师范大学委员会,3834,成功,,
新高教集团品宣部,3835,成功,,
天津理工大学伯恩茅斯学院,3836,成功,,
上海海洋大学宿舍搬迁,3837,成功,,
南京大学体验,3838,成功,,
南京工业大学体验,3839,成功,,
中山大学体验,3840,成功,,
武汉工商学院体验,3841,成功,,
中国民航大学体验,3842,成功,,
东北大学体验,3843,成功,,
中国政法大学体验,3844,成功,,
华东理工大学体验,3845,成功,,
广西大学体验,3846,成功,,
海南大学体验,3847,成功,,
四川大学体验,3848,成功,,
西藏大学体验,3849,成功,,
陇南师范学院体验,3850,成功,,
石河子大学体验,3851,成功,,
重庆大学体验,3852,成功,,
太原理工大学体验,3853,成功,,
内蒙古大学体验,3854,成功,,
东北师范大学体验,3855,成功,,
哈尔滨工程大学体验,3856,成功,,
浙大城市学院体验,3857,成功,,
安徽大学体验,3858,成功,,
福建师范大学体验,3859,成功,,
南昌大学体验,3860,成功,,
中国海洋大学体验,3861,成功,,
武汉理工大学体验,3862,成功,,
中南大学体验,3863,成功,,
贵州师范大学体验,3864,成功,,
云南大学体验,3865,成功,,
西安交通大学体验,3866,成功,,
青海大学体验,3867,成功,,
北方民族大学体验,3868,成功,,
中国石油大学（华东）体验,3869,成功,,
石家庄邮电职业技术学院体验,3870,成功,,
河南大学体验,3871,成功,,
东北电力大学体验,3872,成功,,
网络空间安全学院,3873,成功,,
内蒙古工业大学体验,3874,成功,,
玉林师范学院继续教育学院,3875,成功,,
重庆工商大学国际商学院,3876,成功,,
重庆开放大学继续教育,3877,成功,,
吉首大学学报编辑部,3878,成功,,
西南交通大学智慧城市与交通学院,3879,成功,,
河南信息科技学院,3880,成功,,
海南热带海洋学院国际学院,3881,成功,,
延边应用技术学院,3882,成功,,
广安理工学院,3883,成功,,
重庆师范大学柴可夫斯基音乐学院,3884,成功,,
重庆师范大学重庆柴可夫斯基音乐学院,3885,成功,,
高招直播,3886,成功,,
张家口应用技术职业学院,3887,成功,,
石家庄康养职业学院,3888,成功,,
军事航天部队航天工程大学主服务,3889,成功,,
辛集应用技术职业学院,3890,成功,,
太原卫生职业学院,3891,成功,,
新疆石河子航空职业学院,3892,成功,,
青岛健康科技职业学院,3893,成功,,
忻州现代康养职业学院,3894,成功,,
朝阳职业技术学院,3895,成功,,
德州智能技术职业学院,3896,成功,,
哈尔滨健康职业学院,3897,成功,,
滨州健康科技职业学院,3898,成功,,
广东制造职业技术学院,3899,成功,,
贺州职业技术学院,3900,成功,,
北海海运职业学院,3901,成功,,
防城港现代食药品职业学院,3902,成功,,
贵港应用技术职业学院,3903,成功,,
安徽特殊教育职业学院,3904,成功,,
鄱阳职业学院,3905,成功,,
海南万宁食品药品职业学院,3906,成功,,
萍乡职业技术学院,3907,成功,,
重庆城乡发展职业学院,3908,成功,,
重庆中药职业学院,3909,成功,,
景德镇卫生健康职业学院,3910,成功,,
四川中医药职业学院,3911,成功,,
四川质量工程职业技术学院,3912,成功,,
济宁卫生健康职业学院,3913,成功,,
南充卫生职业学院,3914,成功,,
固原农林职业技术学院,3915,成功,,
胡杨河职业技术学院,3916,成功,,
宁夏闽江应用技术学院,3917,成功,,
河南国医学院,3918,成功,,
,3919,无效,ID不存在,
,3920,无效,ID不存在,
,3921,无效,ID不存在,
,3922,无效,ID不存在,
,3923,无效,ID不存在,
,3924,无效,ID不存在,
,3925,无效,ID不存在,
,3926,无效,ID不存在,
,3927,无效,ID不存在,
,3928,无效,ID不存在,
,3929,无效,ID不存在,
,3930,无效,ID不存在,
,3931,无效,ID不存在,
,3932,无效,ID不存在,
,3933,无效,ID不存在,
,3934,无效,ID不存在,
,3935,无效,ID不存在,
,3936,无效,ID不存在,
,3937,无效,ID不存在,
,3938,无效,ID不存在,
,3939,无效,ID不存在,
,3940,无效,ID不存在,
,3941,无效,ID不存在,
,3942,无效,ID不存在,
,3943,无效,ID不存在,
,3944,无效,ID不存在,
,3945,无效,ID不存在,
,3946,无效,ID不存在,
,3947,无效,ID不存在,
,3948,无效,ID不存在,
,3949,无效,ID不存在,
,3950,无效,ID不存在,
,3951,无效,ID不存在,
,3952,无效,ID不存在,
,3953,无效,ID不存在,
,3954,无效,ID不存在,
,3955,无效,ID不存在,
,3956,无效,ID不存在,
,3957,无效,ID不存在,
,3958,无效,ID不存在,
,3959,无效,ID不存在,
,3960,无效,ID不存在,
,3961,无效,ID不存在,
,3962,无效,ID不存在,
,3963,无效,ID不存在,
,3964,无效,ID不存在,
,3965,无效,ID不存在,
,3966,无效,ID不存在,
,3967,无效,ID不存在,
,3968,无效,ID不存在,
,3969,无效,ID不存在,
,3970,无效,ID不存在,
,3971,无效,ID不存在,
,3972,无效,ID不存在,
,3973,无效,ID不存在,
,3974,无效,ID不存在,
,3975,无效,ID不存在,
,3976,无效,ID不存在,
,3977,无效,ID不存在,
,3978,无效,ID不存在,
,3979,无效,ID不存在,
,3980,无效,ID不存在,
,3981,无效,ID不存在,
,3982,无效,ID不存在,
,3983,无效,ID不存在,
,3984,无效,ID不存在,
,3985,无效,ID不存在,
,3986,无效,ID不存在,
,3987,无效,ID不存在,
,3988,无效,ID不存在,
,3989,无效,ID不存在,
,3990,无效,ID不存在,
,3991,无效,ID不存在,
,3992,无效,ID不存在,
,3993,无效,ID不存在,
,3994,无效,ID不存在,
,3995,无效,ID不存在,
,3996,无效,ID不存在,
,3997,无效,ID不存在,
,3998,无效,ID不存在,
,3999,无效,ID不存在,
,4000,无效,ID不存在,
